./createT2.sh: 3: rsync: not found
R version 4.1.2 (2021-11-01) -- "Bird Hippie"
Copyright (C) 2021 The R Foundation for Statistical Computing
Platform: x86_64-pc-linux-gnu (64-bit)

R is free software and comes with ABSOLUTELY NO WARRANTY.
You are welcome to redistribute it under the terms of the
GNU General Public License versions 2 or 3.
For more information about these matters see
https://www.gnu.org/licenses/.


> sqldestroy = FALSE

> TESTING = TRUE

> TESTINGLINES = Inf

> mysql = FALSE

> mysqldb = "prod"

> download = TRUE

> sqlvacuum = FALSE

> optimize = FALSE

> xena.force = FALSE

> Sys.setenv(VROOM_CONNECTION_SIZE = 1e+09)

> library(DBI)

> try(dbDisconnect(con))
Error in h(simpleError(msg, call)) : 
  error in evaluating the argument 'conn' in selecting a method for function 'dbDisconnect': object 'con' not found

> if (!mysql) {
+     db = "tcga.db"
+     if (sqldestroy) {
+         print("destroying old sql database")
+         try(system(paste("rm", db)), silent = TRUE)
+         system("touch tcga.db")
+     }
+     con = RSQLite::dbConnect(RSQLite::SQLite(), dbname = db, 
+         flags = RSQLite::SQLITE_RW)
+ } else {
+     if (!require("RMySQL")) {
+         install.packages("RMySQL")
+     }
+     library(RMySQL)
+     if (mysqldb == "dev") {
+         con = RMySQL::dbConnect(drv = RMySQL::MySQL(), dbname = "pancan2018dev", 
+             host = "pancan2018dev.cbe7mtbvwi2d.us-east-1.rds.amazonaws.com", 
+             port = 3306, username = "admin", password = "Adminuser19")
+     }
+     else {
+         con = RMySQL::dbConnect(drv = RMySQL::MySQL(), dbname = "pancan2018", 
+             host = "pancan2018.cbe7mtbvwi2d.us-east-1.rds.amazonaws.com", 
+             port = 3306, username = "admin", password = "Adminuser19")
+     }
+ }

> library(tidyverse)
── Attaching packages ─────────────────────────────────────── tidyverse 1.3.1 ──
✔ ggplot2 3.3.5     ✔ purrr   0.3.4
✔ tibble  3.1.6     ✔ dplyr   1.0.8
✔ tidyr   1.2.0     ✔ stringr 1.4.0
✔ readr   2.1.2     ✔ forcats 0.5.1
── Conflicts ────────────────────────────────────────── tidyverse_conflicts() ──
✖ dplyr::filter() masks stats::filter()
✖ dplyr::lag()    masks stats::lag()

> library(sqldf)
Loading required package: gsubfn
Loading required package: proto
Loading required package: RSQLite

> source("tablemaker.R")

> if (TESTING) {
+     my.limit = TESTINGLINES
+ } else {
+     my.limit = Inf
+ }

> Q = function(query) {
+     as_tibble(do.call(dbGetQuery, list(con = con, statement = query)))
+ }

> ignore = function(mysql) {
+     if (mysql) {
+         return(" IGNORE ")
+     }
+     else {
+         return(" OR IGNORE ")
+     }
+ }

> indextable = function(mytable, mysql) {
+     if (mysql) {
+         return(paste("ON", mytable))
+     }
+     else {
+         return("")
+     }
+ }

> qwc = function(...) {
+     as.character(unlist(as.list(match.call())[-1]))
+ }
Warning message:
no DISPLAY variable so Tk is not available 

> library(tidyverse)

> if (download) {
+     try(system("mkdir Data"), silent = TRUE)
+     if (!require("UCSCXenaTools")) 
+         install.packages("UCSCXenaTools")
+     library(UCSCXenaTools)
+     mytypes = showTCGA(project = "PANCAN")$DataType
+     mytypes = mytypes[!mytypes %in% c("DNA Methylation", "Exon Expression RNASeq")]
+     mytypes
+     downloadTCGA(project = "PANCAN", data_type = availTCGA("DataType"), 
+         trans_slash = TRUE, force = TRUE, file_type = availTCGA("FileType"), 
+         destdir = "./Data", )
+ }
mkdir: cannot create directory ‘Data’: File exists
Loading required package: UCSCXenaTools
=========================================================================================
UCSCXenaTools version 1.4.7
Project URL: https://github.com/ropensci/UCSCXenaTools
Usages: https://cran.r-project.org/web/packages/UCSCXenaTools/vignettes/USCSXenaTools.html

If you use it in published research, please cite:
Wang et al., (2019). The UCSCXenaTools R package: a toolkit for accessing genomics data
  from UCSC Xena platform, from cancer multi-omics to single-cell RNA-seq.
  Journal of Open Source Software, 4(40), 1627, https://doi.org/10.21105/joss.01627
=========================================================================================
                              --Enjoy it--

Attaching package: ‘UCSCXenaTools’

The following object is masked from ‘package:RSQLite’:

    fetch

The following object is masked from ‘package:DBI’:

    fetch

This will check url status, please be patient.
All downloaded files will under directory ./Data.
Downloading TCGA.PANCAN.sampleMap__HumanMethylation27.gz
trying URL 'https://tcga.xenahubs.net/download/TCGA.PANCAN.sampleMap/HumanMethylation27.gz'
Content type 'binary/octet-stream' length 135511562 bytes (129.2 MB)
==================================================
downloaded 129.2 MB

Downloading TCGA.PANCAN.sampleMap__Gistic2_CopyNumber_Gistic2_all_data_by_genes.gz
trying URL 'https://tcga.xenahubs.net/download/TCGA.PANCAN.sampleMap/Gistic2_CopyNumber_Gistic2_all_data_by_genes.gz'
Content type 'binary/octet-stream' length 468113188 bytes (446.4 MB)
==================================================
downloaded 446.4 MB

Downloading TCGA.PANCAN.sampleMap__miRNA_GA_gene.gz
trying URL 'https://tcga.xenahubs.net/download/TCGA.PANCAN.sampleMap/miRNA_GA_gene.gz'
Content type 'binary/octet-stream' length 5433301 bytes (5.2 MB)
==================================================
downloaded 5.2 MB

Downloading TCGA.PANCAN.sampleMap__miRNA_HiSeq_gene.gz
trying URL 'https://tcga.xenahubs.net/download/TCGA.PANCAN.sampleMap/miRNA_HiSeq_gene.gz'
Content type 'binary/octet-stream' length 44594279 bytes (42.5 MB)
==================================================
downloaded 42.5 MB

Downloading TCGA.PANCAN.sampleMap__Gistic2_CopyNumber_Gistic2_all_thresholded.by_genes.gz
trying URL 'https://tcga.xenahubs.net/download/TCGA.PANCAN.sampleMap/Gistic2_CopyNumber_Gistic2_all_thresholded.by_genes.gz'
Content type 'binary/octet-stream' length 84674099 bytes (80.8 MB)
==================================================
downloaded 80.8 MB

Downloading TCGA.PANCAN.sampleMap__SNP6_genomicSegment.gz
trying URL 'https://tcga.xenahubs.net/download/TCGA.PANCAN.sampleMap/SNP6_genomicSegment.gz'
Content type 'binary/octet-stream' length 90418384 bytes (86.2 MB)
==================================================
downloaded 86.2 MB

Downloading TCGA.PANCAN.sampleMap__HiSeqV2_exon.gz
trying URL 'https://tcga.xenahubs.net/download/TCGA.PANCAN.sampleMap/HiSeqV2_exon.gz'
Content type 'binary/octet-stream' length 5325922609 bytes (5079.2 MB)
===========
downloaded 1159.1 MB

==> Trying #2
trying URL 'https://tcga.xenahubs.net/download/TCGA.PANCAN.sampleMap/HiSeqV2_exon.gz'
Content type 'binary/octet-stream' length 5325922609 bytes (5079.2 MB)
=================
downloaded 1787.4 MB

==> Trying #3
trying URL 'https://tcga.xenahubs.net/download/TCGA.PANCAN.sampleMap/HiSeqV2_exon.gz'
Content type 'binary/octet-stream' length 5325922609 bytes (5079.2 MB)
====================
downloaded 2092.3 MB

Tried 3 times but failed, please check your internet connection!
Downloading RABIT__pancan__RABIT_pancan.HiSeq.V2.gz
trying URL 'https://tcga.xenahubs.net/download/RABIT/pancan/RABIT_pancan.HiSeq.V2.gz'
Content type 'binary/octet-stream' length 847301 bytes (827 KB)
==================================================
downloaded 827 KB

Downloading RABIT__pancan__RABIT_pancan.HiSeq.gz
trying URL 'https://tcga.xenahubs.net/download/RABIT/pancan/RABIT_pancan.HiSeq.gz'
Content type 'binary/octet-stream' length 395002 bytes (385 KB)
==================================================
downloaded 385 KB

Downloading pancanMiRs_EBadjOnProtocolPlatformWithoutRepsWithUnCorrectMiRs_08_04_16.xena.gz
trying URL 'https://pancanatlas.xenahubs.net/download/pancanMiRs_EBadjOnProtocolPlatformWithoutRepsWithUnCorrectMiRs_08_04_16.xena.gz'
Content type 'binary/octet-stream' length 10944889 bytes (10.4 MB)
==================================================
downloaded 10.4 MB

Downloading mc3.v0.2.8.PUBLIC.xena.gz
trying URL 'https://pancanatlas.xenahubs.net/download/mc3.v0.2.8.PUBLIC.xena.gz'
Content type 'binary/octet-stream' length 64540936 bytes (61.6 MB)
==================================================
downloaded 61.6 MB

Downloading EB++AdjustPANCAN_IlluminaHiSeq_RNASeqV2.geneExp.xena.gz
trying URL 'https://pancanatlas.xenahubs.net/download/EB%2B%2BAdjustPANCAN_IlluminaHiSeq_RNASeqV2.geneExp.xena.gz'
Content type 'binary/octet-stream' length 331000731 bytes (315.7 MB)
==================================================
downloaded 315.7 MB

Downloading TCGA_phenotype_denseDataOnlyDownload.tsv.gz
trying URL 'https://pancanatlas.xenahubs.net/download/TCGA_phenotype_denseDataOnlyDownload.tsv.gz'
Content type 'text/tab-separated-values' length 61165 bytes (59 KB)
==================================================
downloaded 59 KB

Downloading TCGA-RPPA-pancan-clean.xena.gz
trying URL 'https://pancanatlas.xenahubs.net/download/TCGA-RPPA-pancan-clean.xena.gz'
Content type 'binary/octet-stream' length 5602638 bytes (5.3 MB)
==================================================
downloaded 5.3 MB

Downloading broad.mit.edu_PANCAN_Genome_Wide_SNP_6_whitelisted.xena.gz
trying URL 'https://pancanatlas.xenahubs.net/download/broad.mit.edu_PANCAN_Genome_Wide_SNP_6_whitelisted.xena.gz'
Content type 'binary/octet-stream' length 23079960 bytes (22.0 MB)
==================================================
downloaded 22.0 MB

Downloading jhu-usc.edu_PANCAN_HumanMethylation450.betaValue_whitelisted.tsv.synapse_download_5096262.xena.gz
trying URL 'https://pancanatlas.xenahubs.net/download/jhu-usc.edu_PANCAN_HumanMethylation450.betaValue_whitelisted.tsv.synapse_download_5096262.xena.gz'
Content type 'binary/octet-stream' length 14176577895 bytes (13519.8 MB)
======
downloaded 1799.9 MB

==> Trying #2
trying URL 'https://pancanatlas.xenahubs.net/download/jhu-usc.edu_PANCAN_HumanMethylation450.betaValue_whitelisted.tsv.synapse_download_5096262.xena.gz'
Content type 'binary/octet-stream' length 14176577895 bytes (13519.8 MB)
=======
downloaded 2039.4 MB

==> Trying #3
trying URL 'https://pancanatlas.xenahubs.net/download/jhu-usc.edu_PANCAN_HumanMethylation450.betaValue_whitelisted.tsv.synapse_download_5096262.xena.gz'
Content type 'binary/octet-stream' length 14176577895 bytes (13519.8 MB)
======
downloaded 1780.1 MB

Tried 3 times but failed, please check your internet connection!
Downloading broad.mit.edu_PANCAN_Genome_Wide_SNP_6_whitelisted.gene.xena.gz
trying URL 'https://pancanatlas.xenahubs.net/download/broad.mit.edu_PANCAN_Genome_Wide_SNP_6_whitelisted.gene.xena.gz'
Content type 'binary/octet-stream' length 630340957 bytes (601.1 MB)
==================================================
downloaded 601.1 MB

Downloading mc3.v0.2.8.PUBLIC.nonsilentGene.xena.gz
trying URL 'https://pancanatlas.xenahubs.net/download/mc3.v0.2.8.PUBLIC.nonsilentGene.xena.gz'
Content type 'binary/octet-stream' length 4426155 bytes (4.2 MB)
==================================================
downloaded 4.2 MB

Downloading TCGA.HRD_withSampleID.txt.gz
trying URL 'https://pancanatlas.xenahubs.net/download/TCGA.HRD_withSampleID.txt.gz'
Content type 'text/plain' length 60850 bytes (59 KB)
==================================================
downloaded 59 KB

Downloading TCGASubtype.20170308.tsv.gz
trying URL 'https://pancanatlas.xenahubs.net/download/TCGASubtype.20170308.tsv.gz'
Content type 'text/tab-separated-values' length 45121 bytes (44 KB)
==================================================
downloaded 44 KB

Downloading TCGA_PanCan33_iCluster_k28_tumor.gz
trying URL 'https://pancanatlas.xenahubs.net/download/TCGA_PanCan33_iCluster_k28_tumor.gz'
Content type 'binary/octet-stream' length 31993 bytes (31 KB)
==================================================
downloaded 31 KB

Downloading lat.vars.iCluster.redo.tumor.gz
trying URL 'https://pancanatlas.xenahubs.net/download/lat.vars.iCluster.redo.tumor.gz'
Content type 'binary/octet-stream' length 1508232 bytes (1.4 MB)
==================================================
downloaded 1.4 MB

Downloading StemnessScores_RNAexp_20170127.2.tsv.gz
trying URL 'https://pancanatlas.xenahubs.net/download/StemnessScores_RNAexp_20170127.2.tsv.gz'
Content type 'text/tab-separated-values' length 205357 bytes (200 KB)
==================================================
downloaded 200 KB

Downloading StemnessScores_DNAmeth_20170210.tsv.gz
trying URL 'https://pancanatlas.xenahubs.net/download/StemnessScores_DNAmeth_20170210.tsv.gz'
Content type 'text/tab-separated-values' length 338199 bytes (330 KB)
==================================================
downloaded 330 KB

Downloading Pancan12_GenePrograms_drugTargetCanon_in_Pancan33.tsv.gz
trying URL 'https://pancanatlas.xenahubs.net/download/Pancan12_GenePrograms_drugTargetCanon_in_Pancan33.tsv.gz'
Content type 'text/tab-separated-values' length 1147209 bytes (1.1 MB)
==================================================
downloaded 1.1 MB

Downloading Subtype_Immune_Model_Based.txt.gz
trying URL 'https://pancanatlas.xenahubs.net/download/Subtype_Immune_Model_Based.txt.gz'
Content type 'text/plain' length 51855 bytes (50 KB)
==================================================
downloaded 50 KB

Downloading Survival_SupplementalTable_S1_20171025_xena_sp
trying URL 'https://pancanatlas.xenahubs.net/download/Survival_SupplementalTable_S1_20171025_xena_sp'
Content type 'binary/octet-stream' length 2419504 bytes (2.3 MB)
==================================================
downloaded 2.3 MB

Downloading TCGA_pancancer_10852whitelistsamples_68ImmuneSigs.xena.gz
trying URL 'https://pancanatlas.xenahubs.net/download/TCGA_pancancer_10852whitelistsamples_68ImmuneSigs.xena.gz'
Content type 'binary/octet-stream' length 1897559 bytes (1.8 MB)
==================================================
downloaded 1.8 MB

Downloading PanCan33_ssGSEA_1387GeneSets_NonZero_sample_level.txt.gz
trying URL 'https://pancanatlas.xenahubs.net/download/PanCan33_ssGSEA_1387GeneSets_NonZero_sample_level.txt.gz'
Content type 'text/plain' length 113897962 bytes (108.6 MB)
==================================================
downloaded 108.6 MB

Downloading PanCan33_ssGSEA_1387GeneSets_NonZero_sample_level_Z.txt.gz
trying URL 'https://pancanatlas.xenahubs.net/download/PanCan33_ssGSEA_1387GeneSets_NonZero_sample_level_Z.txt.gz'
Content type 'text/plain' length 37101413 bytes (35.4 MB)
==================================================
downloaded 35.4 MB

Downloading merge_merged_reals_sample_level.txt.gz
trying URL 'https://pancanatlas.xenahubs.net/download/merge_merged_reals_sample_level.txt.gz'
Content type 'text/plain' length 433858075 bytes (413.8 MB)
==================================================
downloaded 413.8 MB

Note file names inherit from names in datasets column
  and '/' all changed to '__'.
There were 12 warnings (use warnings() to see them)

> if (mysql) {
+     print("MySQL connection")
+     try(dbRemoveTable(con, "tcgai"))
+     dbCreateTable(con, name = "tcgai", c(samplekey = "mediumint unsigned not null", 
+         probekey = "mediumint unsigned not null", value = "float not null", 
+         type = "varchar(35) not null"))
+     try(dbRemoveTable(con, "tcgacati"))
+     dbCreateTable(con, name = "tcgacati", c(samplekey = "mediumint unsigned not null", 
+         probekey = "mediumint unsigned not null", value = "varchar(35) not null", 
+         type = "varchar(35) not null"))
+     try(dbRemoveTable(con, "probes"))
+     dbCreateTable(con, name = "probes", c(key = "mediumint unsigned not null primary key auto_increment", 
+         probe = "varchar(35) unique not null"))
+     dbExecute(con, "ALTER TABLE probes AUTO_INCREMENT = 1")
+     try(dbRemoveTable(con, "allprobes"))
+     dbCreateTable(con, name = "allprobes", c(key = "mediumint unsigned not null primary key auto_increment", 
+         probe = "varchar(35) unique not null"))
+     dbExecute(con, "ALTER TABLE allprobes AUTO_INCREMENT = 1")
+     try(dbRemoveTable(con, "samples"))
+     dbCreateTable(con, name = "samples", c(key = "mediumint unsigned not null primary key auto_increment", 
+         sample = "varchar(35) unique not null"))
+     dbExecute(con, "ALTER TABLE samples AUTO_INCREMENT = 1")
+     try(dbRemoveTable(con, "tcgaitmp"))
+     dbCreateTable(con, name = "tcgaitmp", c(sample = "varchar(35)", 
+         probe = "varchar(35)", value = "float", type = "varchar(35)"))
+     try(dbRemoveTable(con, "tcgacatitmp"))
+     dbCreateTable(con, name = "tcgacatitmp", c(sample = "varchar(35)", 
+         probe = "varchar(35)", value = "varchar(35) not null", 
+         type = "varchar(35)"))
+     try(dbRemoveTable(con, "probestmp"))
+     dbCreateTable(con, name = "probestmp", c(key = "mediumint unsigned", 
+         probe = "varchar(35)"))
+     try(dbRemoveTable(con, "allprobestmp"))
+     dbCreateTable(con, name = "allprobestmp", c(key = "mediumint unsigned", 
+         probe = "varchar(35) not null"))
+     try(dbRemoveTable(con, "samplestmp"))
+     dbCreateTable(con, name = "samplestmp", c(key = "mediumint unsigned not null", 
+         sample = "varchar(35) not null"))
+     try(dbRemoveTable(con, "types"), silent = TRUE)
+     dbCreateTable(con, name = "types", c(key = "mediumint unsigned not null primary key auto_increment", 
+         type = "varchar(35) unique not null"))
+     dbExecute(con, "ALTER TABLE types AUTO_INCREMENT = 1")
+     try(dbRemoveTable(con, "nosuffix"), silent = TRUE)
+     dbCreateTable(con, name = "nosuffix", c(type = "varchar(35) primary key"))
+ } else {
+     print("Non-MySQL connection")
+     try(dbRemoveTable(con, "tcgai"), silent = TRUE)
+     dbCreateTable(con, name = "tcgai", c(samplekey = "int", probekey = "int", 
+         value = "float", type = "character"))
+     try(dbRemoveTable(con, "tcgacati"), silent = TRUE)
+     dbCreateTable(con, name = "tcgacati", c(samplekey = "int", 
+         probekey = "int", value = "character", type = "character"))
+     try(dbRemoveTable(con, "probes"), silent = TRUE)
+     dbCreateTable(con, name = "probes", c(key = "integer primary key", 
+         probe = "character unique not null"))
+     try(dbRemoveTable(con, "allprobes"), silent = TRUE)
+     dbCreateTable(con, name = "allprobes", c(key = "integer primary key", 
+         probe = "character unique not null"))
+     try(dbRemoveTable(con, "samples"), silent = TRUE)
+     dbCreateTable(con, name = "samples", c(key = "integer primary key", 
+         sample = "character unique not null"))
+     try(dbRemoveTable(con, "tcgaitmp"), silent = TRUE)
+     dbCreateTable(con, name = "tcgaitmp", c(sample = "character", 
+         probe = "character", value = "float", type = "character"))
+     try(dbRemoveTable(con, "tcgacatitmp"), silent = TRUE)
+     dbCreateTable(con, name = "tcgacatitmp", c(sample = "character", 
+         probe = "character", value = "character", type = "character"))
+     try(dbRemoveTable(con, "probestmp"), silent = TRUE)
+     dbCreateTable(con, name = "probestmp", c(key = "int", probe = "character"))
+     try(dbRemoveTable(con, "allprobestmp"), silent = TRUE)
+     dbCreateTable(con, name = "allprobestmp", c(key = "int", 
+         probe = "character"))
+     try(dbRemoveTable(con, "samplestmp"), silent = TRUE)
+     dbCreateTable(con, name = "samplestmp", c(key = "int", sample = "character"))
+     try(dbRemoveTable(con, "types"), silent = TRUE)
+     dbCreateTable(con, name = "types", c(key = "integer primary key", 
+         type = "character unique not null"))
+     try(dbRemoveTable(con, "nosuffix"), silent = TRUE)
+     dbCreateTable(con, name = "nosuffix", c(type = "character unique not null"))
+ }
[1] "Non-MySQL connection"

> library(DBI)

> try(dbDisconnect(con))

> if (!mysql) {
+     db = "tcga.db"
+     if (sqldestroy) {
+         print("destroying old sql database")
+         try(system(paste("rm", db)), silent = TRUE)
+         system("touch tcga.db")
+     }
+     con = RSQLite::dbConnect(RSQLite::SQLite(), dbname = db, 
+         flags = RSQLite::SQLITE_RW)
+ } else {
+     if (!require("RMySQL")) {
+         install.packages("RMySQL")
+     }
+     library(RMySQL)
+     if (mysqldb == "dev") {
+         con = RMySQL::dbConnect(drv = RMySQL::MySQL(), dbname = "pancan2018dev", 
+             host = "pancan2018dev.cbe7mtbvwi2d.us-east-1.rds.amazonaws.com", 
+             port = 3306, username = "admin", password = "Adminuser19")
+     }
+     else {
+         con = RMySQL::dbConnect(drv = RMySQL::MySQL(), dbname = "pancan2018", 
+             host = "pancan2018.cbe7mtbvwi2d.us-east-1.rds.amazonaws.com", 
+             port = 3306, username = "admin", password = "Adminuser19")
+     }
+ }

> dbExecute(con, "create index probesidx on probes ( probe )")
[1] 0

> dbExecute(con, "create index samplesidx on samples ( sample )")
[1] 0

> dbExecute(con, "create index typeidx on tcgai ( type )")
[1] 0

> library(DBI)

> try(dbDisconnect(con))

> if (!mysql) {
+     db = "tcga.db"
+     if (sqldestroy) {
+         print("destroying old sql database")
+         try(system(paste("rm", db)), silent = TRUE)
+         system("touch tcga.db")
+     }
+     con = RSQLite::dbConnect(RSQLite::SQLite(), dbname = db, 
+         flags = RSQLite::SQLITE_RW)
+ } else {
+     if (!require("RMySQL")) {
+         install.packages("RMySQL")
+     }
+     library(RMySQL)
+     if (mysqldb == "dev") {
+         con = RMySQL::dbConnect(drv = RMySQL::MySQL(), dbname = "pancan2018dev", 
+             host = "pancan2018dev.cbe7mtbvwi2d.us-east-1.rds.amazonaws.com", 
+             port = 3306, username = "admin", password = "Adminuser19")
+     }
+     else {
+         con = RMySQL::dbConnect(drv = RMySQL::MySQL(), dbname = "pancan2018", 
+             host = "pancan2018.cbe7mtbvwi2d.us-east-1.rds.amazonaws.com", 
+             port = 3306, username = "admin", password = "Adminuser19")
+     }
+ }

> my_clin = read_tsv("Data/Survival_SupplementalTable_S1_20171025_xena_sp.gz", 
+     col_types = cols(.default = col_character(), age_at_initial_pathologic_diagnosis = col_double(), 
+         clinical_stage = col_character(), initial_pathologic_dx_year = col_double(), 
+         birth_days_to = col_double(), last_contact_days_to = col_double(), 
+         death_days_to = col_double(), cause_of_death = col_character(), 
+         new_tumor_event_dx_days_to = col_double(), residual_tumor = col_character(), 
+         OS = col_double(), OS.time = col_double(), DSS = col_double(), 
+         DSS.time = col_double(), DFI = col_double(), DFI.time = col_double(), 
+         PFI = col_double(), PFI.time = col_double()), trim_ws = TRUE)

> my_clin = my_clin %>% rename(Patient = "_PATIENT", 
+     tumtype = "cancer type abbreviation")

> my_pheno = read_tsv("Data/TCGA_phenotype_denseDataOnlyDownload.tsv.gz", 
+     trim_ws = TRUE, n_max = my.limit) %>% rename(cohort = "_primary_disease")
Rows: 12804 Columns: 4
── Column specification ────────────────────────────────────────────────────────
Delimiter: "\t"
chr (4): sample, sample_type_id, sample_type, _primary_disease

ℹ Use `spec()` to retrieve the full column specification for this data.
ℹ Specify the column types or set `show_col_types = FALSE` to quiet this message.

> my_pheno
# A tibble: 12,804 × 4
   sample          sample_type_id sample_type           cohort                 
   <chr>           <chr>          <chr>                 <chr>                  
 1 TCGA-D3-A1QA-07 07             Additional Metastatic skin cutaneous melanoma
 2 TCGA-DE-A4MD-06 06             Metastatic            thyroid carcinoma      
 3 TCGA-J8-A3O2-06 06             Metastatic            thyroid carcinoma      
 4 TCGA-J8-A3YH-06 06             Metastatic            thyroid carcinoma      
 5 TCGA-EM-A2P1-06 06             Metastatic            thyroid carcinoma      
 6 TCGA-J8-A4HW-06 06             Metastatic            thyroid carcinoma      
 7 TCGA-EM-A2CS-06 06             Metastatic            thyroid carcinoma      
 8 TCGA-EM-A3SU-06 06             Metastatic            thyroid carcinoma      
 9 TCGA-EM-A3FQ-06 06             Metastatic            thyroid carcinoma      
10 TCGA-SI-A71O-06 06             Metastatic            sarcoma                
# … with 12,794 more rows

> dim(my_clin)
[1] 12591    34

> dim(my_pheno)
[1] 12804     4

> which(!my_pheno$sample %in% my_clin$sample)
  [1]   379   403  1487  1488  1489  1490  1491  1492  1493  1494  1495  1496
 [13]  1497  1498  1499  1500  1501  1502  1946  1947  1948  1949  1950  1951
 [25]  1952  1953  1954  1955  1956  1957  1958  1959  1960  1961  1962  1963
 [37]  1964  1965  1966  1967  1968  1969  1970  1971  1972  1973  1974  1975
 [49]  1976  1977  1978  1979  1980  2512  3956  3957  3958  3959  3960  3961
 [61]  3962  3963  3964  3965  3966  4519  4520  5028  8180  8181  8182  8490
 [73]  9583  9584  9585  9586 10175 10176 10177 10178 10179 10180 10696 11372
 [85] 11373 11374 11375 11376 11377 11378 11379 11380 11381 11382 11383 11384
 [97] 11385 11386 11387 11388 11389 11390 11391 11392 11393 11394 11395 11396
[109] 11397 11398 11399 11400 11401 11402 11403 11404 11405 11406 11515 11516
[121] 11517 11518 11519 11520 11521 11522 11642 12441 12442 12443 12444 12445
[133] 12446 12447 12448 12449 12450 12451 12452 12673 12675 12676 12677 12678
[145] 12679 12737 12738 12739 12740 12741 12742 12743 12744 12745 12746 12747
[157] 12748 12749 12750 12751 12752 12753 12754 12755 12756 12757 12758 12759
[169] 12760 12761 12762 12763 12764 12765 12766 12767 12768 12769 12770 12771
[181] 12772 12773 12774 12775 12776 12777 12778 12779 12780 12781 12782 12783
[193] 12784 12785 12786 12787 12788 12789 12790 12791 12792 12793 12794 12795
[205] 12796 12797 12798 12799 12800 12801 12802 12803 12804

> which(!my_clin$sample %in% my_pheno$sample)
integer(0)

> my_clin = my_pheno %>% left_join(my_clin, b = "sample")

> dim(my_clin)
[1] 12804    37

> my_clin
# A tibble: 12,804 × 37
   sample     sample_type_id sample_type cohort Patient tumtype age_at_initial_…
   <chr>      <chr>          <chr>       <chr>  <chr>   <chr>              <dbl>
 1 TCGA-D3-A… 07             Additional… skin … TCGA-D… SKCM                  55
 2 TCGA-DE-A… 06             Metastatic  thyro… TCGA-D… THCA                  71
 3 TCGA-J8-A… 06             Metastatic  thyro… TCGA-J… THCA                  39
 4 TCGA-J8-A… 06             Metastatic  thyro… TCGA-J… THCA                  39
 5 TCGA-EM-A… 06             Metastatic  thyro… TCGA-E… THCA                  33
 6 TCGA-J8-A… 06             Metastatic  thyro… TCGA-J… THCA                  59
 7 TCGA-EM-A… 06             Metastatic  thyro… TCGA-E… THCA                  51
 8 TCGA-EM-A… 06             Metastatic  thyro… TCGA-E… THCA                  43
 9 TCGA-EM-A… 06             Metastatic  thyro… TCGA-E… THCA                  19
10 TCGA-SI-A… 06             Metastatic  sarco… TCGA-S… SARC                  29
# … with 12,794 more rows, and 30 more variables: gender <chr>, race <chr>,
#   ajcc_pathologic_tumor_stage <chr>, clinical_stage <chr>,
#   histological_type <chr>, histological_grade <chr>,
#   initial_pathologic_dx_year <dbl>, menopause_status <chr>,
#   birth_days_to <dbl>, vital_status <chr>, tumor_status <chr>,
#   last_contact_days_to <dbl>, death_days_to <dbl>, cause_of_death <chr>,
#   new_tumor_event_type <chr>, new_tumor_event_site <chr>, …

> try(dbRemoveTable(con, "clin"), silent = TRUE)

> dbWriteTable(con, "clin", my_clin, row.names = FALSE)

> str(dbGetQuery(con, "select * from clin"))
'data.frame':	12804 obs. of  37 variables:
 $ sample                             : chr  "TCGA-D3-A1QA-07" "TCGA-DE-A4MD-06" "TCGA-J8-A3O2-06" "TCGA-J8-A3YH-06" ...
 $ sample_type_id                     : chr  "07" "06" "06" "06" ...
 $ sample_type                        : chr  "Additional Metastatic" "Metastatic" "Metastatic" "Metastatic" ...
 $ cohort                             : chr  "skin cutaneous melanoma" "thyroid carcinoma" "thyroid carcinoma" "thyroid carcinoma" ...
 $ Patient                            : chr  "TCGA-D3-A1QA" "TCGA-DE-A4MD" "TCGA-J8-A3O2" "TCGA-J8-A3YH" ...
 $ tumtype                            : chr  "SKCM" "THCA" "THCA" "THCA" ...
 $ age_at_initial_pathologic_diagnosis: num  55 71 39 39 33 59 51 43 19 29 ...
 $ gender                             : chr  "MALE" "MALE" "MALE" "MALE" ...
 $ race                               : chr  "WHITE" "WHITE" "WHITE" "WHITE" ...
 $ ajcc_pathologic_tumor_stage        : chr  "Stage IB" "Stage IVA" "Stage I" "Stage I" ...
 $ clinical_stage                     : chr  NA NA NA NA ...
 $ histological_type                  : chr  NA "Thyroid Papillary Carcinoma - Classical/usual" "Thyroid Papillary Carcinoma - Classical/usual" "Thyroid Papillary Carcinoma - Classical/usual" ...
 $ histological_grade                 : chr  NA NA NA NA ...
 $ initial_pathologic_dx_year         : num  2005 2011 2011 2012 2011 ...
 $ menopause_status                   : chr  NA NA NA NA ...
 $ birth_days_to                      : num  -20223 -26179 -14339 -14470 -12320 ...
 $ vital_status                       : chr  "Alive" "Alive" "Alive" "Alive" ...
 $ tumor_status                       : chr  "WITH TUMOR" "TUMOR FREE" "TUMOR FREE" "TUMOR FREE" ...
 $ last_contact_days_to               : num  2765 764 342 175 531 ...
 $ death_days_to                      : num  NA NA NA NA NA NA NA NA NA 694 ...
 $ cause_of_death                     : chr  NA NA NA NA ...
 $ new_tumor_event_type               : chr  "Distant Metastasis" "Locoregional Recurrence" NA NA ...
 $ new_tumor_event_site               : chr  "Lung" "Lymph Node Only" NA NA ...
 $ new_tumor_event_site_other         : chr  NA NA NA NA ...
 $ new_tumor_event_dx_days_to         : num  1393 267 NA NA 363 ...
 $ treatment_outcome_first_course     : chr  NA NA NA NA ...
 $ margin_status                      : chr  NA NA NA NA ...
 $ residual_tumor                     : chr  NA "R0" "R1" "R0" ...
 $ OS                                 : num  0 0 0 0 0 0 0 0 0 1 ...
 $ OS.time                            : num  2765 764 342 175 531 ...
 $ DSS                                : num  0 0 0 0 0 0 0 0 0 1 ...
 $ DSS.time                           : num  2765 764 342 175 531 ...
 $ DFI                                : num  NA NA NA 0 1 0 NA 0 0 NA ...
 $ DFI.time                           : num  NA NA NA 175 363 79 NA 911 492 NA ...
 $ PFI                                : num  1 1 0 0 1 0 0 0 0 1 ...
 $ PFI.time                           : num  1393 267 342 175 363 ...
 $ Redaction                          : chr  NA NA NA NA ...

> my_clin = NULL

> gc()
          used (Mb) gc trigger   (Mb)  max used  (Mb)
Ncells 1307139 69.9    2505911  133.9   2505911 133.9
Vcells 2309891 17.7  148432709 1132.5 130785876 997.9

> library(DBI)

> try(dbDisconnect(con))

> if (!mysql) {
+     db = "tcga.db"
+     if (sqldestroy) {
+         print("destroying old sql database")
+         try(system(paste("rm", db)), silent = TRUE)
+         system("touch tcga.db")
+     }
+     con = RSQLite::dbConnect(RSQLite::SQLite(), dbname = db, 
+         flags = RSQLite::SQLITE_RW)
+ } else {
+     if (!require("RMySQL")) {
+         install.packages("RMySQL")
+     }
+     library(RMySQL)
+     if (mysqldb == "dev") {
+         con = RMySQL::dbConnect(drv = RMySQL::MySQL(), dbname = "pancan2018dev", 
+             host = "pancan2018dev.cbe7mtbvwi2d.us-east-1.rds.amazonaws.com", 
+             port = 3306, username = "admin", password = "Adminuser19")
+     }
+     else {
+         con = RMySQL::dbConnect(drv = RMySQL::MySQL(), dbname = "pancan2018", 
+             host = "pancan2018.cbe7mtbvwi2d.us-east-1.rds.amazonaws.com", 
+             port = 3306, username = "admin", password = "Adminuser19")
+     }
+ }

> my_rna = read_tsv("Data/EB++AdjustPANCAN_IlluminaHiSeq_RNASeqV2.geneExp.xena.gz", 
+     trim_ws = TRUE, n_max = my.limit) %>% rename(probe = sample) %>% 
+     mutate(probe = make.unique(as.character(probe), sep = "_")) %>% 
+     gather(sample, value, -probe) %>% mutate(type = "rna") %>% 
+     select(sample, probe, value, type)
New names:
* `TCGA-21-1076-01` -> `TCGA-21-1076-01...3746`
* `TCGA-21-1076-01` -> `TCGA-21-1076-01...3747`
* `TCGA-DD-AACA-02` -> `TCGA-DD-AACA-02...5182`
* `TCGA-DD-AACA-02` -> `TCGA-DD-AACA-02...5183`
* `TCGA-06-0156-01` -> `TCGA-06-0156-01...6703`
* ...
Rows: 20531 Columns: 11070
── Column specification ────────────────────────────────────────────────────────
Delimiter: "\t"
chr     (1): sample
dbl (11069): TCGA-OR-A5J1-01, TCGA-OR-A5J2-01, TCGA-OR-A5J3-01, TCGA-OR-A5J5...

ℹ Use `spec()` to retrieve the full column specification for this data.
ℹ Specify the column types or set `show_col_types = FALSE` to quiet this message.

> my_rna
# A tibble: 227,257,639 × 4
   sample          probe     value type 
   <chr>           <chr>     <dbl> <chr>
 1 TCGA-OR-A5J1-01 100130426  0    rna  
 2 TCGA-OR-A5J1-01 100133144  2.09 rna  
 3 TCGA-OR-A5J1-01 100134869  2.3  rna  
 4 TCGA-OR-A5J1-01 10357      7.23 rna  
 5 TCGA-OR-A5J1-01 10431     11.0  rna  
 6 TCGA-OR-A5J1-01 136542     0    rna  
 7 TCGA-OR-A5J1-01 155060     8.1  rna  
 8 TCGA-OR-A5J1-01 26823      1.29 rna  
 9 TCGA-OR-A5J1-01 280660     0    rna  
10 TCGA-OR-A5J1-01 317712     0    rna  
# … with 227,257,629 more rows

> tablemaker(my_rna, suffix = FALSE)
<SQLiteConnection>
  Path: /scratch/Shiny/T2/tcga.db
  Extensions: TRUE
[1] "destination table tcgai"
[1] "writing to sample index table (samples)"
# A tibble: 6 × 2
  key   sample         
  <lgl> <chr>          
1 NA    TCGA-OR-A5J1-01
2 NA    TCGA-OR-A5J2-01
3 NA    TCGA-OR-A5J3-01
4 NA    TCGA-OR-A5J5-01
5 NA    TCGA-OR-A5J6-01
6 NA    TCGA-OR-A5J7-01
[1] "UPROBE"
# A tibble: 6 × 2
  key   probe    
  <lgl> <chr>    
1 NA    100130426
2 NA    100133144
3 NA    100134869
4 NA    10357    
5 NA    10431    
6 NA    136542   
[1] "dbwrite probestmp"
[1] "probestmp"
[1] "probes"
[1] "sanity checking: length, unique, head"
[1] 20531
[1] 20531
[1] "100130426" "100133144" "100134869" "10357"     "10431"     "136542"   
[1] "intersection of tmp file with probes"
[1] 0
[1] "allprobes"
[1] "dbwrite allprobestmp"
  key     probe
1   1 100130426
2   2 100133144
3   3 100134869
4   4     10357
5   5     10431
[1] "DELETING TYPE rna from table tcgai"
# A tibble: 0 × 1
# … with 1 variable: type <chr>
[1] "delete from tcgai where type = \"rna\""
[1] "Dat"
# A tibble: 6 × 4
  sample          probe     value type 
  <chr>           <chr>     <dbl> <chr>
1 TCGA-OR-A5J1-01 100130426  0    rna  
2 TCGA-OR-A5J1-01 100133144  2.09 rna  
3 TCGA-OR-A5J1-01 100134869  2.3  rna  
4 TCGA-OR-A5J1-01 10357      7.23 rna  
5 TCGA-OR-A5J1-01 10431     11.0  rna  
6 TCGA-OR-A5J1-01 136542     0    rna  
[1] "transform dat probe to probe.type if suffix = TRUE"
# A tibble: 227,257,639 × 4
   sample          probe     value type 
   <chr>           <chr>     <dbl> <chr>
 1 TCGA-OR-A5J1-01 100130426  0    rna  
 2 TCGA-OR-A5J1-01 100133144  2.09 rna  
 3 TCGA-OR-A5J1-01 100134869  2.3  rna  
 4 TCGA-OR-A5J1-01 10357      7.23 rna  
 5 TCGA-OR-A5J1-01 10431     11.0  rna  
 6 TCGA-OR-A5J1-01 136542     0    rna  
 7 TCGA-OR-A5J1-01 155060     8.1  rna  
 8 TCGA-OR-A5J1-01 26823      1.29 rna  
 9 TCGA-OR-A5J1-01 280660     0    rna  
10 TCGA-OR-A5J1-01 317712     0    rna  
# … with 227,257,629 more rows
[1] "write dat as tcga(cat)itmp on server"
[1] "tcgaitmp"
[1] "there should be nothing below"
[1] sample probe  value  type  
<0 rows> (or 0-length row.names)
[1] "starting db write"
[1] "db write of temp table complete"
[1] "insert tmpdata into core tidy tables"
[1] "select samples.key as samplekey, probes.key as probekey,  value, type from tcgaitmp left join samples on tcgaitmp.sample = samples.sample left join probes on tcgaitmp.probe = probes.probe "
[1] "insert into tcgai select samples.key as samplekey, probes.key as probekey,  value, type from tcgaitmp left join samples on tcgaitmp.sample = samples.sample left join probes on tcgaitmp.probe = probes.probe "
[1] 227257639

> my_rna = NULL

> gc()
          used (Mb) gc trigger    (Mb)   max used    (Mb)
Ncells 1337233 71.5    2505911   133.9    2505911   133.9
Vcells 2342273 17.9 2080490870 15872.9 2502254056 19090.7

> library(DBI)

> try(dbDisconnect(con))

> if (!mysql) {
+     db = "tcga.db"
+     if (sqldestroy) {
+         print("destroying old sql database")
+         try(system(paste("rm", db)), silent = TRUE)
+         system("touch tcga.db")
+     }
+     con = RSQLite::dbConnect(RSQLite::SQLite(), dbname = db, 
+         flags = RSQLite::SQLITE_RW)
+ } else {
+     if (!require("RMySQL")) {
+         install.packages("RMySQL")
+     }
+     library(RMySQL)
+     if (mysqldb == "dev") {
+         con = RMySQL::dbConnect(drv = RMySQL::MySQL(), dbname = "pancan2018dev", 
+             host = "pancan2018dev.cbe7mtbvwi2d.us-east-1.rds.amazonaws.com", 
+             port = 3306, username = "admin", password = "Adminuser19")
+     }
+     else {
+         con = RMySQL::dbConnect(drv = RMySQL::MySQL(), dbname = "pancan2018", 
+             host = "pancan2018.cbe7mtbvwi2d.us-east-1.rds.amazonaws.com", 
+             port = 3306, username = "admin", password = "Adminuser19")
+     }
+ }

> my_geo = read_tsv("hugo_gencode_good_hg19_V24lift37_probemap", 
+     trim_ws = TRUE, n_max = my.limit)
Rows: 43254 Columns: 11
── Column specification ────────────────────────────────────────────────────────
Delimiter: "\t"
chr (5): id, gene, chrom, strand, blockStarts
dbl (5): chromStart, chromEnd, thickStart, thickEnd, blockCount

ℹ Use `spec()` to retrieve the full column specification for this data.
ℹ Specify the column types or set `show_col_types = FALSE` to quiet this message.

> my_geo
# A tibble: 43,254 × 11
   id      gene  chrom chromStart chromEnd strand thickStart thickEnd blockCount
   <chr>   <chr> <chr>      <dbl>    <dbl> <chr>       <dbl>    <dbl>      <dbl>
 1 RP11-4… RP11… chr17   46454624   4.65e7 -        46454624   4.65e7          2
 2 CTD-25… CTD-… chr16   82203901   8.22e7 +        82203901   8.22e7          2
 3 RP11-4… RP11… chr17   46537732   4.65e7 +        46537732   4.65e7          2
 4 ATRX    ATRX  chrX    76760356   7.70e7 -        76763829   7.70e7         35
 5 RP11-1… RP11… chr1     2143962   2.15e6 +         2143962   2.14e6          2
 6 RP11-1… RP11… chr1     2113233   2.12e6 -         2114174   2.11e6          3
 7 AC0166… AC01… chr2   113929112   1.14e8 -       113931180   1.14e8          3
 8 TCOF1   TCOF1 chr5   149737202   1.50e8 +       149737310   1.50e8         29
 9 NSRP1   NSRP1 chr17   28443799   2.85e7 +        28443862   2.85e7          9
10 SPPL3   SPPL3 chr12  121200313   1.21e8 -       121202802   1.21e8         11
# … with 43,244 more rows, and 2 more variables: blockSizes <dbl>,
#   blockStarts <chr>

> dbWriteTable(con, "geo", my_geo, overwrite = TRUE, 
+     row.names = FALSE)

> library(DBI)

> try(dbDisconnect(con))

> if (!mysql) {
+     db = "tcga.db"
+     if (sqldestroy) {
+         print("destroying old sql database")
+         try(system(paste("rm", db)), silent = TRUE)
+         system("touch tcga.db")
+     }
+     con = RSQLite::dbConnect(RSQLite::SQLite(), dbname = db, 
+         flags = RSQLite::SQLITE_RW)
+ } else {
+     if (!require("RMySQL")) {
+         install.packages("RMySQL")
+     }
+     library(RMySQL)
+     if (mysqldb == "dev") {
+         con = RMySQL::dbConnect(drv = RMySQL::MySQL(), dbname = "pancan2018dev", 
+             host = "pancan2018dev.cbe7mtbvwi2d.us-east-1.rds.amazonaws.com", 
+             port = 3306, username = "admin", password = "Adminuser19")
+     }
+     else {
+         con = RMySQL::dbConnect(drv = RMySQL::MySQL(), dbname = "pancan2018", 
+             host = "pancan2018.cbe7mtbvwi2d.us-east-1.rds.amazonaws.com", 
+             port = 3306, username = "admin", password = "Adminuser19")
+     }
+ }

> my_cnv = read_tsv("Data/broad.mit.edu_PANCAN_Genome_Wide_SNP_6_whitelisted.gene.xena.gz", 
+     trim_ws = TRUE, n_max = my.limit)
Rows: 27146 Columns: 10874
── Column specification ────────────────────────────────────────────────────────
Delimiter: "\t"
chr     (1): sample
dbl (10873): TCGA-A5-A0GI-01, TCGA-S9-A7J2-01, TCGA-VP-A878-01, TCGA-AR-A1AH...

ℹ Use `spec()` to retrieve the full column specification for this data.
ℹ Specify the column types or set `show_col_types = FALSE` to quiet this message.

> my_cnv
# A tibble: 27,146 × 10,874
   sample    `TCGA-A5-A0GI-…` `TCGA-S9-A7J2-…` `TCGA-VP-A878-…` `TCGA-AR-A1AH-…`
   <chr>                <dbl>            <dbl>            <dbl>            <dbl>
 1 LOC10050…          -0.0193           0.0504           0.033             0.253
 2 LOC10272…          -0.0212           0.0436           0.0512           -0.456
 3 MTVR2              -0.0176           0.0936           0.0112           -0.450
 4 LOC10050…          -0.0223           0.0466           0.0348            0.270
 5 LOC10272…           0.494            0.057            0.035             0.484
 6 CHMP1B             -0.0132           0.0442           0.0336            0.266
 7 DISC1               0.494            0.057           -0.317             0.443
 8 LINC01637          -0.0195           0.103            0.0019           -0.42 
 9 LOC441204          -0.0223           0.0466           0.0348            0.270
10 TCOF1              -0.0254           0.0386           0.0362           -0.470
# … with 27,136 more rows, and 10,869 more variables: `TCGA-EK-A2RE-01` <dbl>,
#   `TCGA-44-6778-01` <dbl>, `TCGA-F4-6854-01` <dbl>, `TCGA-74-6577-01` <dbl>,
#   `TCGA-AX-A2H7-01` <dbl>, `TCGA-C8-A1HL-01` <dbl>, `TCGA-EE-A17X-06` <dbl>,
#   `TCGA-IR-A3L7-01` <dbl>, `TCGA-05-4420-01` <dbl>, `TCGA-2G-AAFZ-01` <dbl>,
#   `TCGA-DX-A3U8-01` <dbl>, `TCGA-GL-8500-01` <dbl>, `TCGA-CC-A3MA-01` <dbl>,
#   `TCGA-KK-A6E4-01` <dbl>, `TCGA-IN-7808-01` <dbl>, `TCGA-CC-A9FW-01` <dbl>,
#   `TCGA-AA-3982-01` <dbl>, `TCGA-A4-7828-01` <dbl>, …

> my_cnv = my_cnv %>% rename(probe = sample) %>% mutate(probe = make.unique(as.character(probe), 
+     sep = "_")) %>% gather(sample, value, -probe) %>% mutate(type = "cnv") %>% 
+     select(sample, probe, value, type)

> my_cnv
# A tibble: 295,158,458 × 4
   sample          probe          value type 
   <chr>           <chr>          <dbl> <chr>
 1 TCGA-A5-A0GI-01 LOC100506869 -0.0193 cnv  
 2 TCGA-A5-A0GI-01 LOC102724604 -0.0212 cnv  
 3 TCGA-A5-A0GI-01 MTVR2        -0.0176 cnv  
 4 TCGA-A5-A0GI-01 LOC100506860 -0.0223 cnv  
 5 TCGA-A5-A0GI-01 LOC102724601  0.494  cnv  
 6 TCGA-A5-A0GI-01 CHMP1B       -0.0132 cnv  
 7 TCGA-A5-A0GI-01 DISC1         0.494  cnv  
 8 TCGA-A5-A0GI-01 LINC01637    -0.0195 cnv  
 9 TCGA-A5-A0GI-01 LOC441204    -0.0223 cnv  
10 TCGA-A5-A0GI-01 TCOF1        -0.0254 cnv  
# … with 295,158,448 more rows

> dim(my_cnv)
[1] 295158458         4

> my_cnv %>% filter(probe == "CDKN2A")
# A tibble: 10,873 × 4
   sample          probe    value type 
   <chr>           <chr>    <dbl> <chr>
 1 TCGA-A5-A0GI-01 CDKN2A -0.0192 cnv  
 2 TCGA-S9-A7J2-01 CDKN2A  0.0494 cnv  
 3 TCGA-VP-A878-01 CDKN2A  0.0259 cnv  
 4 TCGA-AR-A1AH-01 CDKN2A -0.462  cnv  
 5 TCGA-EK-A2RE-01 CDKN2A -0.717  cnv  
 6 TCGA-44-6778-01 CDKN2A -0.234  cnv  
 7 TCGA-F4-6854-01 CDKN2A  0.028  cnv  
 8 TCGA-74-6577-01 CDKN2A -1.39   cnv  
 9 TCGA-AX-A2H7-01 CDKN2A -0.162  cnv  
10 TCGA-C8-A1HL-01 CDKN2A -0.589  cnv  
# … with 10,863 more rows

> dat = my_cnv

> suffix = TRUE

> categorical = FALSE

> tsep = "."

> deleteType = FALSE

> connection = con

> tablemaker(my_cnv)
<SQLiteConnection>
  Path: /scratch/Shiny/T2/tcga.db
  Extensions: TRUE
[1] "destination table tcgai"
[1] "writing to sample index table (samples)"
# A tibble: 6 × 2
  key   sample         
  <lgl> <chr>          
1 NA    TCGA-A5-A0GI-01
2 NA    TCGA-S9-A7J2-01
3 NA    TCGA-VP-A878-01
4 NA    TCGA-AR-A1AH-01
5 NA    TCGA-EK-A2RE-01
6 NA    TCGA-44-6778-01
[1] "UPROBE"
# A tibble: 6 × 2
  key   probe           
  <lgl> <chr>           
1 NA    LOC100506869.cnv
2 NA    LOC102724604.cnv
3 NA    MTVR2.cnv       
4 NA    LOC100506860.cnv
5 NA    LOC102724601.cnv
6 NA    CHMP1B.cnv      
[1] "dbwrite probestmp"
[1] "probestmp"
[1] "probes"
[1] "sanity checking: length, unique, head"
[1] 27146
[1] 27146
[1] "LOC100506869.cnv" "LOC102724604.cnv" "MTVR2.cnv"        "LOC100506860.cnv"
[5] "LOC102724601.cnv" "CHMP1B.cnv"      
[1] "intersection of tmp file with probes"
[1] 0
[1] "allprobes"
[1] "dbwrite allprobestmp"
  key     probe
1   1 100130426
2   2 100133144
3   3 100134869
4   4     10357
5   5     10431
[1] "DELETING TYPE cnv from table tcgai"
# A tibble: 1 × 1
  type 
  <chr>
1 rna  
[1] "delete from tcgai where type = \"cnv\""
[1] "Dat"
# A tibble: 6 × 4
  sample          probe          value type 
  <chr>           <chr>          <dbl> <chr>
1 TCGA-A5-A0GI-01 LOC100506869 -0.0193 cnv  
2 TCGA-A5-A0GI-01 LOC102724604 -0.0212 cnv  
3 TCGA-A5-A0GI-01 MTVR2        -0.0176 cnv  
4 TCGA-A5-A0GI-01 LOC100506860 -0.0223 cnv  
5 TCGA-A5-A0GI-01 LOC102724601  0.494  cnv  
6 TCGA-A5-A0GI-01 CHMP1B       -0.0132 cnv  
[1] "transform dat probe to probe.type if suffix = TRUE"
# A tibble: 295,158,458 × 4
   sample          probe              value type 
   <chr>           <chr>              <dbl> <chr>
 1 TCGA-A5-A0GI-01 LOC100506869.cnv -0.0193 cnv  
 2 TCGA-A5-A0GI-01 LOC102724604.cnv -0.0212 cnv  
 3 TCGA-A5-A0GI-01 MTVR2.cnv        -0.0176 cnv  
 4 TCGA-A5-A0GI-01 LOC100506860.cnv -0.0223 cnv  
 5 TCGA-A5-A0GI-01 LOC102724601.cnv  0.494  cnv  
 6 TCGA-A5-A0GI-01 CHMP1B.cnv       -0.0132 cnv  
 7 TCGA-A5-A0GI-01 DISC1.cnv         0.494  cnv  
 8 TCGA-A5-A0GI-01 LINC01637.cnv    -0.0195 cnv  
 9 TCGA-A5-A0GI-01 LOC441204.cnv    -0.0223 cnv  
10 TCGA-A5-A0GI-01 TCOF1.cnv        -0.0254 cnv  
# … with 295,158,448 more rows
[1] "write dat as tcga(cat)itmp on server"
[1] "tcgaitmp"
[1] "there should be nothing below"
[1] sample probe  value  type  
<0 rows> (or 0-length row.names)
[1] "starting db write"
[1] "db write of temp table complete"
[1] "insert tmpdata into core tidy tables"
[1] "select samples.key as samplekey, probes.key as probekey,  value, type from tcgaitmp left join samples on tcgaitmp.sample = samples.sample left join probes on tcgaitmp.probe = probes.probe "
[1] "insert into tcgai select samples.key as samplekey, probes.key as probekey,  value, type from tcgaitmp left join samples on tcgaitmp.sample = samples.sample left join probes on tcgaitmp.probe = probes.probe "
[1] 295158458

> my_cnv = NULL

> gc()
             used   (Mb) gc trigger    (Mb)   max used    (Mb)
Ncells    1415842   75.7    2505911   133.9    2505911   133.9
Vcells 1183822529 9031.9 3195000738 24376.0 3102425956 23669.7

> library(DBI)

> try(dbDisconnect(con))

> if (!mysql) {
+     db = "tcga.db"
+     if (sqldestroy) {
+         print("destroying old sql database")
+         try(system(paste("rm", db)), silent = TRUE)
+         system("touch tcga.db")
+     }
+     con = RSQLite::dbConnect(RSQLite::SQLite(), dbname = db, 
+         flags = RSQLite::SQLITE_RW)
+ } else {
+     if (!require("RMySQL")) {
+         install.packages("RMySQL")
+     }
+     library(RMySQL)
+     if (mysqldb == "dev") {
+         con = RMySQL::dbConnect(drv = RMySQL::MySQL(), dbname = "pancan2018dev", 
+             host = "pancan2018dev.cbe7mtbvwi2d.us-east-1.rds.amazonaws.com", 
+             port = 3306, username = "admin", password = "Adminuser19")
+     }
+     else {
+         con = RMySQL::dbConnect(drv = RMySQL::MySQL(), dbname = "pancan2018", 
+             host = "pancan2018.cbe7mtbvwi2d.us-east-1.rds.amazonaws.com", 
+             port = 3306, username = "admin", password = "Adminuser19")
+     }
+ }

> my_cnc = read_tsv("Data/TCGA.PANCAN.sampleMap__Gistic2_CopyNumber_Gistic2_all_thresholded.by_genes.gz", 
+     trim_ws = TRUE, n_max = my.limit)
Rows: 24776 Columns: 10846
── Column specification ────────────────────────────────────────────────────────
Delimiter: "\t"
chr     (1): Sample
dbl (10845): TCGA-A5-A0GI-01, TCGA-S9-A7J2-01, TCGA-06-0150-01, TCGA-AR-A1AH...

ℹ Use `spec()` to retrieve the full column specification for this data.
ℹ Specify the column types or set `show_col_types = FALSE` to quiet this message.

> my_cnc
# A tibble: 24,776 × 10,846
   Sample   `TCGA-A5-A0GI-01` `TCGA-S9-A7J2-…` `TCGA-06-0150-…` `TCGA-AR-A1AH-…`
   <chr>                <dbl>            <dbl>            <dbl>            <dbl>
 1 ACAP3                    0               -1                0                2
 2 ACTRT2                   0               -1                0                2
 3 AGRN                     0               -1                0                2
 4 ANKRD65                  0               -1                0                2
 5 ATAD3A                   0               -1                0                2
 6 ATAD3B                   0               -1                0                2
 7 ATAD3C                   0               -1                0                2
 8 AURKAIP1                 0               -1                0                2
 9 B3GALT6                  0               -1                0                2
10 C1orf159                 0               -1                0                2
# … with 24,766 more rows, and 10,841 more variables: `TCGA-EK-A2RE-01` <dbl>,
#   `TCGA-44-6778-01` <dbl>, `TCGA-VM-A8C8-01` <dbl>, `TCGA-74-6577-01` <dbl>,
#   `TCGA-AX-A2H7-01` <dbl>, `TCGA-C8-A1HL-01` <dbl>, `TCGA-EE-A17X-06` <dbl>,
#   `TCGA-05-4420-01` <dbl>, `TCGA-R6-A8WC-01` <dbl>, `TCGA-DX-A3U8-01` <dbl>,
#   `TCGA-GL-8500-01` <dbl>, `TCGA-CC-A3MA-01` <dbl>, `TCGA-KK-A6E4-01` <dbl>,
#   `TCGA-IN-7808-01` <dbl>, `TCGA-L5-A4OH-01` <dbl>, `TCGA-RP-A695-06` <dbl>,
#   `TCGA-A4-7828-01` <dbl>, `TCGA-HC-7736-01` <dbl>, …

> my_cnc = my_cnc %>% rename(probe = Sample) %>% mutate(probe = make.unique(as.character(probe), 
+     sep = "_")) %>% gather(sample, value, -probe) %>% mutate(type = "cnc") %>% 
+     select(sample, probe, value, type)

> my_cnc
# A tibble: 268,695,720 × 4
   sample          probe    value type 
   <chr>           <chr>    <dbl> <chr>
 1 TCGA-A5-A0GI-01 ACAP3        0 cnc  
 2 TCGA-A5-A0GI-01 ACTRT2       0 cnc  
 3 TCGA-A5-A0GI-01 AGRN         0 cnc  
 4 TCGA-A5-A0GI-01 ANKRD65      0 cnc  
 5 TCGA-A5-A0GI-01 ATAD3A       0 cnc  
 6 TCGA-A5-A0GI-01 ATAD3B       0 cnc  
 7 TCGA-A5-A0GI-01 ATAD3C       0 cnc  
 8 TCGA-A5-A0GI-01 AURKAIP1     0 cnc  
 9 TCGA-A5-A0GI-01 B3GALT6      0 cnc  
10 TCGA-A5-A0GI-01 C1orf159     0 cnc  
# … with 268,695,710 more rows

> tablemaker(my_cnc)
<SQLiteConnection>
  Path: /scratch/Shiny/T2/tcga.db
  Extensions: TRUE
[1] "destination table tcgai"
[1] "writing to sample index table (samples)"
# A tibble: 6 × 2
  key   sample         
  <lgl> <chr>          
1 NA    TCGA-A5-A0GI-01
2 NA    TCGA-S9-A7J2-01
3 NA    TCGA-06-0150-01
4 NA    TCGA-AR-A1AH-01
5 NA    TCGA-EK-A2RE-01
6 NA    TCGA-44-6778-01
[1] "UPROBE"
# A tibble: 6 × 2
  key   probe      
  <lgl> <chr>      
1 NA    ACAP3.cnc  
2 NA    ACTRT2.cnc 
3 NA    AGRN.cnc   
4 NA    ANKRD65.cnc
5 NA    ATAD3A.cnc 
6 NA    ATAD3B.cnc 
[1] "dbwrite probestmp"
[1] "probestmp"
[1] "probes"
[1] "sanity checking: length, unique, head"
[1] 24776
[1] 24776
[1] "ACAP3.cnc"   "ACTRT2.cnc"  "AGRN.cnc"    "ANKRD65.cnc" "ATAD3A.cnc" 
[6] "ATAD3B.cnc" 
[1] "intersection of tmp file with probes"
[1] 0
[1] "allprobes"
[1] "dbwrite allprobestmp"
  key     probe
1   1 100130426
2   2 100133144
3   3 100134869
4   4     10357
5   5     10431
[1] "DELETING TYPE cnc from table tcgai"
# A tibble: 2 × 1
  type 
  <chr>
1 rna  
2 cnv  
[1] "delete from tcgai where type = \"cnc\""
[1] "Dat"
# A tibble: 6 × 4
  sample          probe   value type 
  <chr>           <chr>   <dbl> <chr>
1 TCGA-A5-A0GI-01 ACAP3       0 cnc  
2 TCGA-A5-A0GI-01 ACTRT2      0 cnc  
3 TCGA-A5-A0GI-01 AGRN        0 cnc  
4 TCGA-A5-A0GI-01 ANKRD65     0 cnc  
5 TCGA-A5-A0GI-01 ATAD3A      0 cnc  
6 TCGA-A5-A0GI-01 ATAD3B      0 cnc  
[1] "transform dat probe to probe.type if suffix = TRUE"
# A tibble: 268,695,720 × 4
   sample          probe        value type 
   <chr>           <chr>        <dbl> <chr>
 1 TCGA-A5-A0GI-01 ACAP3.cnc        0 cnc  
 2 TCGA-A5-A0GI-01 ACTRT2.cnc       0 cnc  
 3 TCGA-A5-A0GI-01 AGRN.cnc         0 cnc  
 4 TCGA-A5-A0GI-01 ANKRD65.cnc      0 cnc  
 5 TCGA-A5-A0GI-01 ATAD3A.cnc       0 cnc  
 6 TCGA-A5-A0GI-01 ATAD3B.cnc       0 cnc  
 7 TCGA-A5-A0GI-01 ATAD3C.cnc       0 cnc  
 8 TCGA-A5-A0GI-01 AURKAIP1.cnc     0 cnc  
 9 TCGA-A5-A0GI-01 B3GALT6.cnc      0 cnc  
10 TCGA-A5-A0GI-01 C1orf159.cnc     0 cnc  
# … with 268,695,710 more rows
[1] "write dat as tcga(cat)itmp on server"
[1] "tcgaitmp"
[1] "there should be nothing below"
[1] sample probe  value  type  
<0 rows> (or 0-length row.names)
[1] "starting db write"
[1] "db write of temp table complete"
[1] "insert tmpdata into core tidy tables"
[1] "select samples.key as samplekey, probes.key as probekey,  value, type from tcgaitmp left join samples on tcgaitmp.sample = samples.sample left join probes on tcgaitmp.probe = probes.probe "
[1] "insert into tcgai select samples.key as samplekey, probes.key as probekey,  value, type from tcgaitmp left join samples on tcgaitmp.sample = samples.sample left join probes on tcgaitmp.probe = probes.probe "
[1] 268695720

> my_cnc = NULL

> gc()
             used   (Mb) gc trigger    (Mb)   max used    (Mb)
Ncells    1416059   75.7    2505911   133.9    2505911   133.9
Vcells 1183833581 9032.0 3680781650 28082.2 4542603585 34657.4

> library(DBI)

> try(dbDisconnect(con))

> if (!mysql) {
+     db = "tcga.db"
+     if (sqldestroy) {
+         print("destroying old sql database")
+         try(system(paste("rm", db)), silent = TRUE)
+         system("touch tcga.db")
+     }
+     con = RSQLite::dbConnect(RSQLite::SQLite(), dbname = db, 
+         flags = RSQLite::SQLITE_RW)
+ } else {
+     if (!require("RMySQL")) {
+         install.packages("RMySQL")
+     }
+     library(RMySQL)
+     if (mysqldb == "dev") {
+         con = RMySQL::dbConnect(drv = RMySQL::MySQL(), dbname = "pancan2018dev", 
+             host = "pancan2018dev.cbe7mtbvwi2d.us-east-1.rds.amazonaws.com", 
+             port = 3306, username = "admin", password = "Adminuser19")
+     }
+     else {
+         con = RMySQL::dbConnect(drv = RMySQL::MySQL(), dbname = "pancan2018", 
+             host = "pancan2018.cbe7mtbvwi2d.us-east-1.rds.amazonaws.com", 
+             port = 3306, username = "admin", password = "Adminuser19")
+     }
+ }

> my_rppa = read.csv("Data/TCGA-RPPA-pancan-clean.xena.gz", 
+     sep = "\t")

> my_rppa[1:20, 1:5]
          SampleID TCGA.FI.A2EY.01 TCGA.DF.A2KS.01 TCGA.A5.A1OH.01
1     X1433EPSILON       -0.013829       -0.168630        0.038842
2           X4EBP1       -1.127400        0.165870       -0.382370
3      X4EBP1_pS65       -0.423550       -0.505950        0.042306
4   X4EBP1_pT37T46       -0.827380        0.019504        0.119400
5           X53BP1        0.021656       -0.947890        0.374310
6         ACC_pS79        2.217000        0.413860        0.000000
7             ACC1        2.375500        0.500570       -0.234510
8              AKT       -0.278160       -0.635490        0.338930
9        AKT_pS473       -1.200500        0.858840        0.304670
10       AKT_pT308       -0.725100        0.743140        0.426300
11       AMPKALPHA        0.740960       -0.580050       -0.232750
12 AMPKALPHA_pT172        0.985130        0.152310        0.062828
13              AR       -0.512330       -0.773780       -0.307690
14            ASNS       -0.131560        1.082900       -0.113020
15             ATM        0.637970        0.352210        1.052200
16             BAK        0.119000        0.202410        0.308520
17             BAX        0.119100        0.068035       -0.621370
18            BCL2       -0.185790       -0.650900        0.558520
19           BCLXL       -0.134190       -0.405840       -0.407010
20          BECLIN       -0.056007        0.101880        0.100740
   TCGA.AX.A2H7.01
1         0.021308
2        -0.717660
3        -0.493150
4        -0.370670
5         0.195980
6         0.324780
7         0.428610
8         0.116670
9         0.560170
10        0.414590
11       -0.349360
12        0.378830
13        1.013700
14        0.113500
15        0.701270
16        0.092418
17        0.122050
18       -0.124660
19       -0.542520
20       -0.071239

> my_rppa = my_rppa %>% rename(probe = SampleID) %>% 
+     gather(sample, value, -probe) %>% mutate(type = "rppa") %>% 
+     mutate(sample = gsub("\\.", "-", sample)) %>% select(sample, 
+     probe, value, type)

> head(my_rppa)
           sample          probe     value type
1 TCGA-FI-A2EY-01   X1433EPSILON -0.013829 rppa
2 TCGA-FI-A2EY-01         X4EBP1 -1.127400 rppa
3 TCGA-FI-A2EY-01    X4EBP1_pS65 -0.423550 rppa
4 TCGA-FI-A2EY-01 X4EBP1_pT37T46 -0.827380 rppa
5 TCGA-FI-A2EY-01         X53BP1  0.021656 rppa
6 TCGA-FI-A2EY-01       ACC_pS79  2.217000 rppa

> dim(my_rppa)
[1] 2000532       4

> tablemaker(my_rppa, suffix = TRUE, categorical = FALSE, 
+     tsep = ".", deleteType = TRUE, connection = con)
<SQLiteConnection>
  Path: /scratch/Shiny/T2/tcga.db
  Extensions: TRUE
[1] "destination table tcgai"
[1] "writing to sample index table (samples)"
  key          sample
1  NA TCGA-FI-A2EY-01
2  NA TCGA-DF-A2KS-01
3  NA TCGA-A5-A1OH-01
4  NA TCGA-AX-A2H7-01
5  NA TCGA-AX-A2HA-01
6  NA TCGA-A5-A2K4-01
[1] "UPROBE"
  key               probe
1  NA   X1433EPSILON.rppa
2  NA         X4EBP1.rppa
3  NA    X4EBP1_pS65.rppa
4  NA X4EBP1_pT37T46.rppa
5  NA         X53BP1.rppa
6  NA       ACC_pS79.rppa
[1] "dbwrite probestmp"
[1] "probestmp"
[1] "probes"
[1] "sanity checking: length, unique, head"
[1] 258
[1] 258
[1] "X1433EPSILON.rppa"   "X4EBP1.rppa"         "X4EBP1_pS65.rppa"   
[4] "X4EBP1_pT37T46.rppa" "X53BP1.rppa"         "ACC_pS79.rppa"      
[1] "intersection of tmp file with probes"
[1] 0
[1] "allprobes"
[1] "dbwrite allprobestmp"
  key     probe
1   1 100130426
2   2 100133144
3   3 100134869
4   4     10357
5   5     10431
[1] "DELETING TYPE rppa from table tcgai"
# A tibble: 3 × 1
  type 
  <chr>
1 rna  
2 cnv  
3 cnc  
[1] "delete from tcgai where type = \"rppa\""
[1] "Dat"
           sample          probe     value type
1 TCGA-FI-A2EY-01   X1433EPSILON -0.013829 rppa
2 TCGA-FI-A2EY-01         X4EBP1 -1.127400 rppa
3 TCGA-FI-A2EY-01    X4EBP1_pS65 -0.423550 rppa
4 TCGA-FI-A2EY-01 X4EBP1_pT37T46 -0.827380 rppa
5 TCGA-FI-A2EY-01         X53BP1  0.021656 rppa
6 TCGA-FI-A2EY-01       ACC_pS79  2.217000 rppa
[1] "transform dat probe to probe.type if suffix = TRUE"
# A tibble: 2,000,532 × 4
   sample          probe                 value type 
   <chr>           <chr>                 <dbl> <chr>
 1 TCGA-FI-A2EY-01 X1433EPSILON.rppa   -0.0138 rppa 
 2 TCGA-FI-A2EY-01 X4EBP1.rppa         -1.13   rppa 
 3 TCGA-FI-A2EY-01 X4EBP1_pS65.rppa    -0.424  rppa 
 4 TCGA-FI-A2EY-01 X4EBP1_pT37T46.rppa -0.827  rppa 
 5 TCGA-FI-A2EY-01 X53BP1.rppa          0.0217 rppa 
 6 TCGA-FI-A2EY-01 ACC_pS79.rppa        2.22   rppa 
 7 TCGA-FI-A2EY-01 ACC1.rppa            2.38   rppa 
 8 TCGA-FI-A2EY-01 AKT.rppa            -0.278  rppa 
 9 TCGA-FI-A2EY-01 AKT_pS473.rppa      -1.20   rppa 
10 TCGA-FI-A2EY-01 AKT_pT308.rppa      -0.725  rppa 
# … with 2,000,522 more rows
[1] "write dat as tcga(cat)itmp on server"
[1] "tcgaitmp"
[1] "there should be nothing below"
[1] sample probe  value  type  
<0 rows> (or 0-length row.names)
[1] "starting db write"
[1] "db write of temp table complete"
[1] "insert tmpdata into core tidy tables"
[1] "select samples.key as samplekey, probes.key as probekey,  value, type from tcgaitmp left join samples on tcgaitmp.sample = samples.sample left join probes on tcgaitmp.probe = probes.probe "
[1] "insert into tcgai select samples.key as samplekey, probes.key as probekey,  value, type from tcgaitmp left join samples on tcgaitmp.sample = samples.sample left join probes on tcgaitmp.probe = probes.probe "
[1] 2000532

> my_rppa = NULL

> gc()
             used   (Mb) gc trigger    (Mb)   max used    (Mb)
Ncells    1442081   77.1    2505911   133.9    2505911   133.9
Vcells 1184248975 9035.2 3680781650 28082.2 4542603585 34657.4

> library(DBI)

> try(dbDisconnect(con))

> if (!mysql) {
+     db = "tcga.db"
+     if (sqldestroy) {
+         print("destroying old sql database")
+         try(system(paste("rm", db)), silent = TRUE)
+         system("touch tcga.db")
+     }
+     con = RSQLite::dbConnect(RSQLite::SQLite(), dbname = db, 
+         flags = RSQLite::SQLITE_RW)
+ } else {
+     if (!require("RMySQL")) {
+         install.packages("RMySQL")
+     }
+     library(RMySQL)
+     if (mysqldb == "dev") {
+         con = RMySQL::dbConnect(drv = RMySQL::MySQL(), dbname = "pancan2018dev", 
+             host = "pancan2018dev.cbe7mtbvwi2d.us-east-1.rds.amazonaws.com", 
+             port = 3306, username = "admin", password = "Adminuser19")
+     }
+     else {
+         con = RMySQL::dbConnect(drv = RMySQL::MySQL(), dbname = "pancan2018", 
+             host = "pancan2018.cbe7mtbvwi2d.us-east-1.rds.amazonaws.com", 
+             port = 3306, username = "admin", password = "Adminuser19")
+     }
+ }

> my_mut = read_tsv("Data/mc3.v0.2.8.PUBLIC.nonsilentGene.xena.gz", 
+     trim_ws = TRUE, n_max = my.limit) %>% rename(probe = sample) %>% 
+     mutate(probe = make.unique(as.character(probe), sep = "_")) %>% 
+     gather(sample, value, -probe) %>% mutate(type = "mut") %>% 
+     select(sample, probe, value, type) %>% filter(value != 0)
Rows: 40543 Columns: 9105
── Column specification ────────────────────────────────────────────────────────
Delimiter: "\t"
chr    (1): sample
dbl (9104): TCGA-02-0003-01, TCGA-02-0033-01, TCGA-02-0047-01, TCGA-02-0055-...

ℹ Use `spec()` to retrieve the full column specification for this data.
ℹ Specify the column types or set `show_col_types = FALSE` to quiet this message.

> my_mut
# A tibble: 1,558,778 × 4
   sample          probe  value type 
   <chr>           <chr>  <dbl> <chr>
 1 TCGA-02-0003-01 KLHL13     1 mut  
 2 TCGA-02-0003-01 ANAPC4     1 mut  
 3 TCGA-02-0003-01 MTX3       1 mut  
 4 TCGA-02-0003-01 EPHA7      1 mut  
 5 TCGA-02-0003-01 PLCL1      1 mut  
 6 TCGA-02-0003-01 OBSL1      1 mut  
 7 TCGA-02-0003-01 MUC17      1 mut  
 8 TCGA-02-0003-01 PKDREJ     1 mut  
 9 TCGA-02-0003-01 AUTS2      1 mut  
10 TCGA-02-0003-01 ESYT3      1 mut  
# … with 1,558,768 more rows

> tablemaker(my_mut)
<SQLiteConnection>
  Path: /scratch/Shiny/T2/tcga.db
  Extensions: TRUE
[1] "destination table tcgai"
[1] "writing to sample index table (samples)"
# A tibble: 6 × 2
  key   sample         
  <lgl> <chr>          
1 NA    TCGA-02-0003-01
2 NA    TCGA-02-0033-01
3 NA    TCGA-02-0047-01
4 NA    TCGA-02-0055-01
5 NA    TCGA-02-2470-01
6 NA    TCGA-02-2483-01
[1] "UPROBE"
# A tibble: 6 × 2
  key   probe     
  <lgl> <chr>     
1 NA    KLHL13.mut
2 NA    ANAPC4.mut
3 NA    MTX3.mut  
4 NA    EPHA7.mut 
5 NA    PLCL1.mut 
6 NA    OBSL1.mut 
[1] "dbwrite probestmp"
[1] "probestmp"
[1] "probes"
[1] "sanity checking: length, unique, head"
[1] 19623
[1] 19623
[1] "KLHL13.mut" "ANAPC4.mut" "MTX3.mut"   "EPHA7.mut"  "PLCL1.mut" 
[6] "OBSL1.mut" 
[1] "intersection of tmp file with probes"
[1] 0
[1] "allprobes"
[1] "dbwrite allprobestmp"
  key     probe
1   1 100130426
2   2 100133144
3   3 100134869
4   4     10357
5   5     10431
[1] "DELETING TYPE mut from table tcgai"
# A tibble: 4 × 1
  type 
  <chr>
1 rna  
2 cnv  
3 cnc  
4 rppa 
[1] "delete from tcgai where type = \"mut\""
[1] "Dat"
# A tibble: 6 × 4
  sample          probe  value type 
  <chr>           <chr>  <dbl> <chr>
1 TCGA-02-0003-01 KLHL13     1 mut  
2 TCGA-02-0003-01 ANAPC4     1 mut  
3 TCGA-02-0003-01 MTX3       1 mut  
4 TCGA-02-0003-01 EPHA7      1 mut  
5 TCGA-02-0003-01 PLCL1      1 mut  
6 TCGA-02-0003-01 OBSL1      1 mut  
[1] "transform dat probe to probe.type if suffix = TRUE"
# A tibble: 1,558,778 × 4
   sample          probe      value type 
   <chr>           <chr>      <dbl> <chr>
 1 TCGA-02-0003-01 KLHL13.mut     1 mut  
 2 TCGA-02-0003-01 ANAPC4.mut     1 mut  
 3 TCGA-02-0003-01 MTX3.mut       1 mut  
 4 TCGA-02-0003-01 EPHA7.mut      1 mut  
 5 TCGA-02-0003-01 PLCL1.mut      1 mut  
 6 TCGA-02-0003-01 OBSL1.mut      1 mut  
 7 TCGA-02-0003-01 MUC17.mut      1 mut  
 8 TCGA-02-0003-01 PKDREJ.mut     1 mut  
 9 TCGA-02-0003-01 AUTS2.mut      1 mut  
10 TCGA-02-0003-01 ESYT3.mut      1 mut  
# … with 1,558,768 more rows
[1] "write dat as tcga(cat)itmp on server"
[1] "tcgaitmp"
[1] "there should be nothing below"
[1] sample probe  value  type  
<0 rows> (or 0-length row.names)
[1] "starting db write"
[1] "db write of temp table complete"
[1] "insert tmpdata into core tidy tables"
[1] "select samples.key as samplekey, probes.key as probekey,  value, type from tcgaitmp left join samples on tcgaitmp.sample = samples.sample left join probes on tcgaitmp.probe = probes.probe "
[1] "insert into tcgai select samples.key as samplekey, probes.key as probekey,  value, type from tcgaitmp left join samples on tcgaitmp.sample = samples.sample left join probes on tcgaitmp.probe = probes.probe "
[1] 1558778

> my_mut = NULL

> gc()
             used   (Mb) gc trigger    (Mb)   max used    (Mb)
Ncells    1442033   77.1    2505911   133.9    2505911   133.9
Vcells 1184257721 9035.2 3617436232 27598.9 4542603585 34657.4

> library(DBI)

> try(dbDisconnect(con))

> if (!mysql) {
+     db = "tcga.db"
+     if (sqldestroy) {
+         print("destroying old sql database")
+         try(system(paste("rm", db)), silent = TRUE)
+         system("touch tcga.db")
+     }
+     con = RSQLite::dbConnect(RSQLite::SQLite(), dbname = db, 
+         flags = RSQLite::SQLITE_RW)
+ } else {
+     if (!require("RMySQL")) {
+         install.packages("RMySQL")
+     }
+     library(RMySQL)
+     if (mysqldb == "dev") {
+         con = RMySQL::dbConnect(drv = RMySQL::MySQL(), dbname = "pancan2018dev", 
+             host = "pancan2018dev.cbe7mtbvwi2d.us-east-1.rds.amazonaws.com", 
+             port = 3306, username = "admin", password = "Adminuser19")
+     }
+     else {
+         con = RMySQL::dbConnect(drv = RMySQL::MySQL(), dbname = "pancan2018", 
+             host = "pancan2018.cbe7mtbvwi2d.us-east-1.rds.amazonaws.com", 
+             port = 3306, username = "admin", password = "Adminuser19")
+     }
+ }

> my_viral = read_tsv("https://api.gdc.cancer.gov/data/a55229b3-da03-49fc-a310-9b1bf16b8512", 
+     trim_ws = TRUE, n_max = my.limit) %>% rename(sample = SampleBarcode) %>% 
+     mutate(sample = gsub("[A-Z]$", "", sample)) %>% mutate(sample = make.unique(sample, 
+     sep = "_")) %>% select(-AliquotBarcode, -ParticipantBarcode, 
+     -Study, -SampleTypeLetterCode) %>% gather(probe, value, -sample) %>% 
+     mutate(type = "viral") %>% mutate(value = log2(value + 1)) %>% 
+     select(sample, probe, value, type)
Rows: 11206 Columns: 17
── Column specification ────────────────────────────────────────────────────────
Delimiter: "\t"
chr  (5): AliquotBarcode, ParticipantBarcode, SampleBarcode, Study, SampleTy...
dbl (12): CMV, EBV, HBV, HCV, HHV, HIV, HPV, HTLV, MCV, SV, bk_polyomavirus,...

ℹ Use `spec()` to retrieve the full column specification for this data.
ℹ Specify the column types or set `show_col_types = FALSE` to quiet this message.

> my_viral
# A tibble: 134,472 × 4
   sample          probe value type 
   <chr>           <chr> <dbl> <chr>
 1 TCGA-CS-6188-01 CMV       0 viral
 2 TCGA-EO-A22Y-01 CMV       0 viral
 3 TCGA-94-A5I4-01 CMV       0 viral
 4 TCGA-N5-A4RV-01 CMV       0 viral
 5 TCGA-BK-A56F-01 CMV       0 viral
 6 TCGA-PG-A5BC-01 CMV       0 viral
 7 TCGA-L9-A444-01 CMV       0 viral
 8 TCGA-EY-A54A-01 CMV       0 viral
 9 TCGA-HM-A4S6-01 CMV       0 viral
10 TCGA-E9-A5FL-01 CMV       0 viral
# … with 134,462 more rows

> tablemaker(my_viral)
<SQLiteConnection>
  Path: /scratch/Shiny/T2/tcga.db
  Extensions: TRUE
[1] "destination table tcgai"
[1] "writing to sample index table (samples)"
# A tibble: 6 × 2
  key   sample         
  <lgl> <chr>          
1 NA    TCGA-CS-6188-01
2 NA    TCGA-EO-A22Y-01
3 NA    TCGA-94-A5I4-01
4 NA    TCGA-N5-A4RV-01
5 NA    TCGA-BK-A56F-01
6 NA    TCGA-PG-A5BC-01
[1] "UPROBE"
# A tibble: 6 × 2
  key   probe    
  <lgl> <chr>    
1 NA    CMV.viral
2 NA    EBV.viral
3 NA    HBV.viral
4 NA    HCV.viral
5 NA    HHV.viral
6 NA    HIV.viral
[1] "dbwrite probestmp"
[1] "probestmp"
[1] "probes"
[1] "sanity checking: length, unique, head"
[1] 12
[1] 12
[1] "CMV.viral" "EBV.viral" "HBV.viral" "HCV.viral" "HHV.viral" "HIV.viral"
[1] "intersection of tmp file with probes"
[1] 0
[1] "allprobes"
[1] "dbwrite allprobestmp"
  key     probe
1   1 100130426
2   2 100133144
3   3 100134869
4   4     10357
5   5     10431
[1] "DELETING TYPE viral from table tcgai"
# A tibble: 5 × 1
  type 
  <chr>
1 rna  
2 cnv  
3 cnc  
4 rppa 
5 mut  
[1] "delete from tcgai where type = \"viral\""
[1] "Dat"
# A tibble: 6 × 4
  sample          probe value type 
  <chr>           <chr> <dbl> <chr>
1 TCGA-CS-6188-01 CMV       0 viral
2 TCGA-EO-A22Y-01 CMV       0 viral
3 TCGA-94-A5I4-01 CMV       0 viral
4 TCGA-N5-A4RV-01 CMV       0 viral
5 TCGA-BK-A56F-01 CMV       0 viral
6 TCGA-PG-A5BC-01 CMV       0 viral
[1] "transform dat probe to probe.type if suffix = TRUE"
# A tibble: 134,472 × 4
   sample          probe     value type 
   <chr>           <chr>     <dbl> <chr>
 1 TCGA-CS-6188-01 CMV.viral     0 viral
 2 TCGA-EO-A22Y-01 CMV.viral     0 viral
 3 TCGA-94-A5I4-01 CMV.viral     0 viral
 4 TCGA-N5-A4RV-01 CMV.viral     0 viral
 5 TCGA-BK-A56F-01 CMV.viral     0 viral
 6 TCGA-PG-A5BC-01 CMV.viral     0 viral
 7 TCGA-L9-A444-01 CMV.viral     0 viral
 8 TCGA-EY-A54A-01 CMV.viral     0 viral
 9 TCGA-HM-A4S6-01 CMV.viral     0 viral
10 TCGA-E9-A5FL-01 CMV.viral     0 viral
# … with 134,462 more rows
[1] "write dat as tcga(cat)itmp on server"
[1] "tcgaitmp"
[1] "there should be nothing below"
[1] sample probe  value  type  
<0 rows> (or 0-length row.names)
[1] "starting db write"
[1] "db write of temp table complete"
[1] "insert tmpdata into core tidy tables"
[1] "select samples.key as samplekey, probes.key as probekey,  value, type from tcgaitmp left join samples on tcgaitmp.sample = samples.sample left join probes on tcgaitmp.probe = probes.probe "
[1] "insert into tcgai select samples.key as samplekey, probes.key as probekey,  value, type from tcgaitmp left join samples on tcgaitmp.sample = samples.sample left join probes on tcgaitmp.probe = probes.probe "
[1] 134472

> my_viral = NULL

> gc()
             used   (Mb) gc trigger    (Mb)   max used    (Mb)
Ncells    1442254   77.1    2505911   133.9    2505911   133.9
Vcells 1184258295 9035.2 3617436232 27598.9 4542603585 34657.4

> library(DBI)

> try(dbDisconnect(con))

> if (!mysql) {
+     db = "tcga.db"
+     if (sqldestroy) {
+         print("destroying old sql database")
+         try(system(paste("rm", db)), silent = TRUE)
+         system("touch tcga.db")
+     }
+     con = RSQLite::dbConnect(RSQLite::SQLite(), dbname = db, 
+         flags = RSQLite::SQLITE_RW)
+ } else {
+     if (!require("RMySQL")) {
+         install.packages("RMySQL")
+     }
+     library(RMySQL)
+     if (mysqldb == "dev") {
+         con = RMySQL::dbConnect(drv = RMySQL::MySQL(), dbname = "pancan2018dev", 
+             host = "pancan2018dev.cbe7mtbvwi2d.us-east-1.rds.amazonaws.com", 
+             port = 3306, username = "admin", password = "Adminuser19")
+     }
+     else {
+         con = RMySQL::dbConnect(drv = RMySQL::MySQL(), dbname = "pancan2018", 
+             host = "pancan2018.cbe7mtbvwi2d.us-east-1.rds.amazonaws.com", 
+             port = 3306, username = "admin", password = "Adminuser19")
+     }
+ }

> my_urna = read_tsv("Data/pancanMiRs_EBadjOnProtocolPlatformWithoutRepsWithUnCorrectMiRs_08_04_16.xena.gz", 
+     trim_ws = TRUE, n_max = my.limit) %>% rename(probe = sample) %>% 
+     mutate(probe = make.unique(as.character(probe), sep = "_")) %>% 
+     gather(sample, value, -probe) %>% mutate(type = "urna") %>% 
+     select(sample, probe, value, type)
New names:
* `TCGA-FG-5965-02` -> `TCGA-FG-5965-02...4032`
* `TCGA-FG-5965-02` -> `TCGA-FG-5965-02...4037`
* `TCGA-DU-6404-02` -> `TCGA-DU-6404-02...4201`
* `TCGA-DU-6404-02` -> `TCGA-DU-6404-02...4213`
* `TCGA-DU-6407-02` -> `TCGA-DU-6407-02...4221`
* ...
Rows: 743 Columns: 10825
── Column specification ────────────────────────────────────────────────────────
Delimiter: "\t"
chr     (1): sample
dbl (10824): TCGA-C4-A0F6-01, TCGA-CU-A0YO-01, TCGA-BT-A0S7-01, TCGA-CU-A0YR...

ℹ Use `spec()` to retrieve the full column specification for this data.
ℹ Specify the column types or set `show_col_types = FALSE` to quiet this message.

> my_urna
# A tibble: 8,042,232 × 4
   sample          probe           value type 
   <chr>           <chr>           <dbl> <chr>
 1 TCGA-C4-A0F6-01 hsa-let-7a-2-3p  0.99 urna 
 2 TCGA-C4-A0F6-01 hsa-let-7a-3p    5.08 urna 
 3 TCGA-C4-A0F6-01 hsa-let-7a-5p   14.1  urna 
 4 TCGA-C4-A0F6-01 hsa-let-7b-3p    2.95 urna 
 5 TCGA-C4-A0F6-01 hsa-let-7b-5p   12.8  urna 
 6 TCGA-C4-A0F6-01 hsa-let-7c-3p    1.7  urna 
 7 TCGA-C4-A0F6-01 hsa-let-7c-5p    9.23 urna 
 8 TCGA-C4-A0F6-01 hsa-let-7d-3p    8.96 urna 
 9 TCGA-C4-A0F6-01 hsa-let-7d-5p    8.34 urna 
10 TCGA-C4-A0F6-01 hsa-let-7e-3p    5.13 urna 
# … with 8,042,222 more rows

> tablemaker(my_urna)
<SQLiteConnection>
  Path: /scratch/Shiny/T2/tcga.db
  Extensions: TRUE
[1] "destination table tcgai"
[1] "writing to sample index table (samples)"
# A tibble: 6 × 2
  key   sample         
  <lgl> <chr>          
1 NA    TCGA-C4-A0F6-01
2 NA    TCGA-CU-A0YO-01
3 NA    TCGA-BT-A0S7-01
4 NA    TCGA-CU-A0YR-01
5 NA    TCGA-BL-A0C8-01
6 NA    TCGA-C4-A0F0-01
[1] "UPROBE"
# A tibble: 6 × 2
  key   probe               
  <lgl> <chr>               
1 NA    hsa-let-7a-2-3p.urna
2 NA    hsa-let-7a-3p.urna  
3 NA    hsa-let-7a-5p.urna  
4 NA    hsa-let-7b-3p.urna  
5 NA    hsa-let-7b-5p.urna  
6 NA    hsa-let-7c-3p.urna  
[1] "dbwrite probestmp"
[1] "probestmp"
[1] "probes"
[1] "sanity checking: length, unique, head"
[1] 743
[1] 743
[1] "hsa-let-7a-2-3p.urna" "hsa-let-7a-3p.urna"   "hsa-let-7a-5p.urna"  
[4] "hsa-let-7b-3p.urna"   "hsa-let-7b-5p.urna"   "hsa-let-7c-3p.urna"  
[1] "intersection of tmp file with probes"
[1] 0
[1] "allprobes"
[1] "dbwrite allprobestmp"
  key     probe
1   1 100130426
2   2 100133144
3   3 100134869
4   4     10357
5   5     10431
[1] "DELETING TYPE urna from table tcgai"
# A tibble: 6 × 1
  type 
  <chr>
1 rna  
2 cnv  
3 cnc  
4 rppa 
5 mut  
6 viral
[1] "delete from tcgai where type = \"urna\""
[1] "Dat"
# A tibble: 6 × 4
  sample          probe           value type 
  <chr>           <chr>           <dbl> <chr>
1 TCGA-C4-A0F6-01 hsa-let-7a-2-3p  0.99 urna 
2 TCGA-C4-A0F6-01 hsa-let-7a-3p    5.08 urna 
3 TCGA-C4-A0F6-01 hsa-let-7a-5p   14.1  urna 
4 TCGA-C4-A0F6-01 hsa-let-7b-3p    2.95 urna 
5 TCGA-C4-A0F6-01 hsa-let-7b-5p   12.8  urna 
6 TCGA-C4-A0F6-01 hsa-let-7c-3p    1.7  urna 
[1] "transform dat probe to probe.type if suffix = TRUE"
# A tibble: 8,042,232 × 4
   sample          probe                value type 
   <chr>           <chr>                <dbl> <chr>
 1 TCGA-C4-A0F6-01 hsa-let-7a-2-3p.urna  0.99 urna 
 2 TCGA-C4-A0F6-01 hsa-let-7a-3p.urna    5.08 urna 
 3 TCGA-C4-A0F6-01 hsa-let-7a-5p.urna   14.1  urna 
 4 TCGA-C4-A0F6-01 hsa-let-7b-3p.urna    2.95 urna 
 5 TCGA-C4-A0F6-01 hsa-let-7b-5p.urna   12.8  urna 
 6 TCGA-C4-A0F6-01 hsa-let-7c-3p.urna    1.7  urna 
 7 TCGA-C4-A0F6-01 hsa-let-7c-5p.urna    9.23 urna 
 8 TCGA-C4-A0F6-01 hsa-let-7d-3p.urna    8.96 urna 
 9 TCGA-C4-A0F6-01 hsa-let-7d-5p.urna    8.34 urna 
10 TCGA-C4-A0F6-01 hsa-let-7e-3p.urna    5.13 urna 
# … with 8,042,222 more rows
[1] "write dat as tcga(cat)itmp on server"
[1] "tcgaitmp"
[1] "there should be nothing below"
[1] sample probe  value  type  
<0 rows> (or 0-length row.names)
[1] "starting db write"
[1] "db write of temp table complete"
[1] "insert tmpdata into core tidy tables"
[1] "select samples.key as samplekey, probes.key as probekey,  value, type from tcgaitmp left join samples on tcgaitmp.sample = samples.sample left join probes on tcgaitmp.probe = probes.probe "
[1] "insert into tcgai select samples.key as samplekey, probes.key as probekey,  value, type from tcgaitmp left join samples on tcgaitmp.sample = samples.sample left join probes on tcgaitmp.probe = probes.probe "
[1] 8042232

> my_urna = NULL

> gc()
             used   (Mb) gc trigger    (Mb)   max used    (Mb)
Ncells    1442375   77.1    2505911   133.9    2505911   133.9
Vcells 1184269190 9035.3 3617436232 27598.9 4542603585 34657.4

> library(DBI)

> try(dbDisconnect(con))

> if (!mysql) {
+     db = "tcga.db"
+     if (sqldestroy) {
+         print("destroying old sql database")
+         try(system(paste("rm", db)), silent = TRUE)
+         system("touch tcga.db")
+     }
+     con = RSQLite::dbConnect(RSQLite::SQLite(), dbname = db, 
+         flags = RSQLite::SQLITE_RW)
+ } else {
+     if (!require("RMySQL")) {
+         install.packages("RMySQL")
+     }
+     library(RMySQL)
+     if (mysqldb == "dev") {
+         con = RMySQL::dbConnect(drv = RMySQL::MySQL(), dbname = "pancan2018dev", 
+             host = "pancan2018dev.cbe7mtbvwi2d.us-east-1.rds.amazonaws.com", 
+             port = 3306, username = "admin", password = "Adminuser19")
+     }
+     else {
+         con = RMySQL::dbConnect(drv = RMySQL::MySQL(), dbname = "pancan2018", 
+             host = "pancan2018.cbe7mtbvwi2d.us-east-1.rds.amazonaws.com", 
+             port = 3306, username = "admin", password = "Adminuser19")
+     }
+ }

> my_pc_gene_program = read_tsv("Data/Pancan12_GenePrograms_drugTargetCanon_in_Pancan33.tsv.gz", 
+     trim_ws = TRUE, n_max = 10)
New names:
* `TCGA-06-0156-01` -> `TCGA-06-0156-01...55`
* `TCGA-06-0156-01` -> `TCGA-06-0156-01...56`
* `TCGA-06-0211-01` -> `TCGA-06-0211-01...69`
* `TCGA-06-0211-01` -> `TCGA-06-0211-01...70`
* `TCGA-21-1076-01` -> `TCGA-21-1076-01...227`
* ...
Rows: 10 Columns: 10853
── Column specification ────────────────────────────────────────────────────────
Delimiter: "\t"
chr     (1): sample
dbl (10852): TCGA-02-0047-01, TCGA-02-0055-01, TCGA-02-2483-01, TCGA-02-2485...

ℹ Use `spec()` to retrieve the full column specification for this data.
ℹ Specify the column types or set `show_col_types = FALSE` to quiet this message.

> my_pc_gene_program
# A tibble: 10 × 10,853
   sample    `TCGA-02-0047-…` `TCGA-02-0055-…` `TCGA-02-2483-…` `TCGA-02-2485-…`
   <chr>                <dbl>            <dbl>            <dbl>            <dbl>
 1 GP1_Prol…           -0.536            0.166           1.12             0.450 
 2 GP2_Immu…           -0.352            0.716          -0.390           -0.483 
 3 GP3_Tumo…            1.66             1.03            0.884            1.36  
 4 GP4_MES/…            0.743            2.23            0.105            0.0986
 5 GP5_MYC_…           -0.963            0.180           0.0783          -0.355 
 6 GP6_Squa…           -0.38             0.382          -1.04            -0.868 
 7 GP7_Estr…            0.261            0.203          -0.713           -0.174 
 8 GP8_FOXO…            1.92             1.47            1.06             1.73  
 9 GP9_Cell…           -1.41            -1.65           -1.91            -1.62  
10 GP10_Fat…            0.250            0.361          -0.493           -0.131 
# … with 10,848 more variables: `TCGA-02-2486-01` <dbl>,
#   `TCGA-04-1348-01` <dbl>, `TCGA-04-1357-01` <dbl>, `TCGA-04-1362-01` <dbl>,
#   `TCGA-04-1364-01` <dbl>, `TCGA-04-1365-01` <dbl>, `TCGA-04-1514-01` <dbl>,
#   `TCGA-04-1519-01` <dbl>, `TCGA-05-4244-01` <dbl>, `TCGA-05-4249-01` <dbl>,
#   `TCGA-05-4250-01` <dbl>, `TCGA-05-4382-01` <dbl>, `TCGA-05-4384-01` <dbl>,
#   `TCGA-05-4389-01` <dbl>, `TCGA-05-4390-01` <dbl>, `TCGA-05-4395-01` <dbl>,
#   `TCGA-05-4396-01` <dbl>, `TCGA-05-4397-01` <dbl>, …

> my_pc_gene_program = read_tsv("Data/Pancan12_GenePrograms_drugTargetCanon_in_Pancan33.tsv.gz", 
+     trim_ws = TRUE, n_max = my.limit) %>% rename(probe = sample) %>% 
+     gather(sample, value, -probe) %>% mutate(type = "pc_gene_program") %>% 
+     select(sample, probe, value, type)
New names:
* `TCGA-06-0156-01` -> `TCGA-06-0156-01...55`
* `TCGA-06-0156-01` -> `TCGA-06-0156-01...56`
* `TCGA-06-0211-01` -> `TCGA-06-0211-01...69`
* `TCGA-06-0211-01` -> `TCGA-06-0211-01...70`
* `TCGA-21-1076-01` -> `TCGA-21-1076-01...227`
* ...
Rows: 39 Columns: 10853
── Column specification ────────────────────────────────────────────────────────
Delimiter: "\t"
chr     (1): sample
dbl (10852): TCGA-02-0047-01, TCGA-02-0055-01, TCGA-02-2483-01, TCGA-02-2485...

ℹ Use `spec()` to retrieve the full column specification for this data.
ℹ Specify the column types or set `show_col_types = FALSE` to quiet this message.

> my_pc_gene_program
# A tibble: 423,228 × 4
   sample          probe                                     value type         
   <chr>           <chr>                                     <dbl> <chr>        
 1 TCGA-02-0047-01 GP1_Proliferation/DNA_repair             -0.536 pc_gene_prog…
 2 TCGA-02-0047-01 GP2_Immune-Tcell/Bcell                   -0.352 pc_gene_prog…
 3 TCGA-02-0047-01 GP3_Tumor_suppressing_miRNA_targets       1.66  pc_gene_prog…
 4 TCGA-02-0047-01 GP4_MES/ECM                               0.743 pc_gene_prog…
 5 TCGA-02-0047-01 GP5_MYC_targets/TERT                     -0.963 pc_gene_prog…
 6 TCGA-02-0047-01 GP6_Squamous_differentiation/development -0.38  pc_gene_prog…
 7 TCGA-02-0047-01 GP7_Estrogen_signaling                    0.261 pc_gene_prog…
 8 TCGA-02-0047-01 GP8_FOXO/stemness                         1.92  pc_gene_prog…
 9 TCGA-02-0047-01 GP9_Cell-cell_adhesion                   -1.41  pc_gene_prog…
10 TCGA-02-0047-01 GP10_Fatty_acid_oxidation                 0.250 pc_gene_prog…
# … with 423,218 more rows

> tablemaker(my_pc_gene_program)
<SQLiteConnection>
  Path: /scratch/Shiny/T2/tcga.db
  Extensions: TRUE
[1] "destination table tcgai"
[1] "writing to sample index table (samples)"
# A tibble: 6 × 2
  key   sample         
  <lgl> <chr>          
1 NA    TCGA-02-0047-01
2 NA    TCGA-02-0055-01
3 NA    TCGA-02-2483-01
4 NA    TCGA-02-2485-01
5 NA    TCGA-02-2486-01
6 NA    TCGA-04-1348-01
[1] "UPROBE"
# A tibble: 6 × 2
  key   probe                                                   
  <lgl> <chr>                                                   
1 NA    GP1_Proliferation/DNA_repair.pc_gene_program            
2 NA    GP2_Immune-Tcell/Bcell.pc_gene_program                  
3 NA    GP3_Tumor_suppressing_miRNA_targets.pc_gene_program     
4 NA    GP4_MES/ECM.pc_gene_program                             
5 NA    GP5_MYC_targets/TERT.pc_gene_program                    
6 NA    GP6_Squamous_differentiation/development.pc_gene_program
[1] "dbwrite probestmp"
[1] "probestmp"
[1] "probes"
[1] "sanity checking: length, unique, head"
[1] 39
[1] 39
[1] "GP1_Proliferation/DNA_repair.pc_gene_program"            
[2] "GP2_Immune-Tcell/Bcell.pc_gene_program"                  
[3] "GP3_Tumor_suppressing_miRNA_targets.pc_gene_program"     
[4] "GP4_MES/ECM.pc_gene_program"                             
[5] "GP5_MYC_targets/TERT.pc_gene_program"                    
[6] "GP6_Squamous_differentiation/development.pc_gene_program"
[1] "intersection of tmp file with probes"
[1] 0
[1] "allprobes"
[1] "dbwrite allprobestmp"
  key     probe
1   1 100130426
2   2 100133144
3   3 100134869
4   4     10357
5   5     10431
[1] "DELETING TYPE pc_gene_program from table tcgai"
# A tibble: 7 × 1
  type 
  <chr>
1 rna  
2 cnv  
3 cnc  
4 rppa 
5 mut  
6 viral
7 urna 
[1] "delete from tcgai where type = \"pc_gene_program\""
[1] "Dat"
# A tibble: 6 × 4
  sample          probe                                     value type          
  <chr>           <chr>                                     <dbl> <chr>         
1 TCGA-02-0047-01 GP1_Proliferation/DNA_repair             -0.536 pc_gene_progr…
2 TCGA-02-0047-01 GP2_Immune-Tcell/Bcell                   -0.352 pc_gene_progr…
3 TCGA-02-0047-01 GP3_Tumor_suppressing_miRNA_targets       1.66  pc_gene_progr…
4 TCGA-02-0047-01 GP4_MES/ECM                               0.743 pc_gene_progr…
5 TCGA-02-0047-01 GP5_MYC_targets/TERT                     -0.963 pc_gene_progr…
6 TCGA-02-0047-01 GP6_Squamous_differentiation/development -0.38  pc_gene_progr…
[1] "transform dat probe to probe.type if suffix = TRUE"
# A tibble: 423,228 × 4
   sample          probe                                             value type 
   <chr>           <chr>                                             <dbl> <chr>
 1 TCGA-02-0047-01 GP1_Proliferation/DNA_repair.pc_gene_program     -0.536 pc_g…
 2 TCGA-02-0047-01 GP2_Immune-Tcell/Bcell.pc_gene_program           -0.352 pc_g…
 3 TCGA-02-0047-01 GP3_Tumor_suppressing_miRNA_targets.pc_gene_pro…  1.66  pc_g…
 4 TCGA-02-0047-01 GP4_MES/ECM.pc_gene_program                       0.743 pc_g…
 5 TCGA-02-0047-01 GP5_MYC_targets/TERT.pc_gene_program             -0.963 pc_g…
 6 TCGA-02-0047-01 GP6_Squamous_differentiation/development.pc_gen… -0.38  pc_g…
 7 TCGA-02-0047-01 GP7_Estrogen_signaling.pc_gene_program            0.261 pc_g…
 8 TCGA-02-0047-01 GP8_FOXO/stemness.pc_gene_program                 1.92  pc_g…
 9 TCGA-02-0047-01 GP9_Cell-cell_adhesion.pc_gene_program           -1.41  pc_g…
10 TCGA-02-0047-01 GP10_Fatty_acid_oxidation.pc_gene_program         0.250 pc_g…
# … with 423,218 more rows
[1] "write dat as tcga(cat)itmp on server"
[1] "tcgaitmp"
[1] "there should be nothing below"
[1] sample probe  value  type  
<0 rows> (or 0-length row.names)
[1] "starting db write"
[1] "db write of temp table complete"
[1] "insert tmpdata into core tidy tables"
[1] "select samples.key as samplekey, probes.key as probekey,  value, type from tcgaitmp left join samples on tcgaitmp.sample = samples.sample left join probes on tcgaitmp.probe = probes.probe "
[1] "insert into tcgai select samples.key as samplekey, probes.key as probekey,  value, type from tcgaitmp left join samples on tcgaitmp.sample = samples.sample left join probes on tcgaitmp.probe = probes.probe "
[1] 423228

> my_pc_gene_program = NULL

> gc()
             used   (Mb) gc trigger    (Mb)   max used    (Mb)
Ncells    1442524   77.1    2505911   133.9    2505911   133.9
Vcells 1184291112 9035.5 3617436232 27598.9 4542603585 34657.4

> library(DBI)

> try(dbDisconnect(con))

> if (!mysql) {
+     db = "tcga.db"
+     if (sqldestroy) {
+         print("destroying old sql database")
+         try(system(paste("rm", db)), silent = TRUE)
+         system("touch tcga.db")
+     }
+     con = RSQLite::dbConnect(RSQLite::SQLite(), dbname = db, 
+         flags = RSQLite::SQLITE_RW)
+ } else {
+     if (!require("RMySQL")) {
+         install.packages("RMySQL")
+     }
+     library(RMySQL)
+     if (mysqldb == "dev") {
+         con = RMySQL::dbConnect(drv = RMySQL::MySQL(), dbname = "pancan2018dev", 
+             host = "pancan2018dev.cbe7mtbvwi2d.us-east-1.rds.amazonaws.com", 
+             port = 3306, username = "admin", password = "Adminuser19")
+     }
+     else {
+         con = RMySQL::dbConnect(drv = RMySQL::MySQL(), dbname = "pancan2018", 
+             host = "pancan2018.cbe7mtbvwi2d.us-east-1.rds.amazonaws.com", 
+             port = 3306, username = "admin", password = "Adminuser19")
+     }
+ }

> my_rabit = read_tsv("Data/RABIT__pancan__RABIT_pancan.HiSeq.V2.gz", 
+     trim_ws = TRUE, n_max = my.limit) %>% mutate(sample = make.unique(sample, 
+     sep = "_")) %>% gather(probe, value, -sample) %>% mutate(type = "rabit") %>% 
+     select(sample, probe, value, type)
Rows: 5180 Columns: 151
── Column specification ────────────────────────────────────────────────────────
Delimiter: "\t"
chr   (1): sample
dbl (150): FOXP2, NFATC1, ZNF217, HDAC6, HDAC8, NFYB, NFYA, MAFK, FOXM1, ESR...

ℹ Use `spec()` to retrieve the full column specification for this data.
ℹ Specify the column types or set `show_col_types = FALSE` to quiet this message.

> my_rabit
# A tibble: 777,000 × 4
   sample          probe value type 
   <chr>           <chr> <dbl> <chr>
 1 TCGA-NJ-A4YP-01 FOXP2 -2.64 rabit
 2 TCGA-AR-A1AH-01 FOXP2  0    rabit
 3 TCGA-CJ-4916-01 FOXP2  0    rabit
 4 TCGA-BP-4165-01 FOXP2  0    rabit
 5 TCGA-B5-A5OE-01 FOXP2 NA    rabit
 6 TCGA-77-A5G1-01 FOXP2  0    rabit
 7 TCGA-KR-A7K7-01 FOXP2 -3.23 rabit
 8 TCGA-T2-A6WX-01 FOXP2 NA    rabit
 9 TCGA-CV-7247-01 FOXP2 NA    rabit
10 TCGA-77-A5G3-01 FOXP2 -3.62 rabit
# … with 776,990 more rows

> tablemaker(my_rabit)
<SQLiteConnection>
  Path: /scratch/Shiny/T2/tcga.db
  Extensions: TRUE
[1] "destination table tcgai"
[1] "writing to sample index table (samples)"
# A tibble: 6 × 2
  key   sample         
  <lgl> <chr>          
1 NA    TCGA-NJ-A4YP-01
2 NA    TCGA-AR-A1AH-01
3 NA    TCGA-CJ-4916-01
4 NA    TCGA-BP-4165-01
5 NA    TCGA-B5-A5OE-01
6 NA    TCGA-77-A5G1-01
[1] "UPROBE"
# A tibble: 6 × 2
  key   probe       
  <lgl> <chr>       
1 NA    FOXP2.rabit 
2 NA    NFATC1.rabit
3 NA    ZNF217.rabit
4 NA    HDAC6.rabit 
5 NA    HDAC8.rabit 
6 NA    NFYB.rabit  
[1] "dbwrite probestmp"
[1] "probestmp"
[1] "probes"
[1] "sanity checking: length, unique, head"
[1] 150
[1] 150
[1] "FOXP2.rabit"  "NFATC1.rabit" "ZNF217.rabit" "HDAC6.rabit"  "HDAC8.rabit" 
[6] "NFYB.rabit"  
[1] "intersection of tmp file with probes"
[1] 0
[1] "allprobes"
[1] "dbwrite allprobestmp"
  key     probe
1   1 100130426
2   2 100133144
3   3 100134869
4   4     10357
5   5     10431
[1] "DELETING TYPE rabit from table tcgai"
# A tibble: 8 × 1
  type           
  <chr>          
1 rna            
2 cnv            
3 cnc            
4 rppa           
5 mut            
6 viral          
7 urna           
8 pc_gene_program
[1] "delete from tcgai where type = \"rabit\""
[1] "Dat"
# A tibble: 6 × 4
  sample          probe value type 
  <chr>           <chr> <dbl> <chr>
1 TCGA-NJ-A4YP-01 FOXP2 -2.64 rabit
2 TCGA-AR-A1AH-01 FOXP2  0    rabit
3 TCGA-CJ-4916-01 FOXP2  0    rabit
4 TCGA-BP-4165-01 FOXP2  0    rabit
5 TCGA-B5-A5OE-01 FOXP2 NA    rabit
6 TCGA-77-A5G1-01 FOXP2  0    rabit
[1] "transform dat probe to probe.type if suffix = TRUE"
# A tibble: 777,000 × 4
   sample          probe       value type 
   <chr>           <chr>       <dbl> <chr>
 1 TCGA-NJ-A4YP-01 FOXP2.rabit -2.64 rabit
 2 TCGA-AR-A1AH-01 FOXP2.rabit  0    rabit
 3 TCGA-CJ-4916-01 FOXP2.rabit  0    rabit
 4 TCGA-BP-4165-01 FOXP2.rabit  0    rabit
 5 TCGA-B5-A5OE-01 FOXP2.rabit NA    rabit
 6 TCGA-77-A5G1-01 FOXP2.rabit  0    rabit
 7 TCGA-KR-A7K7-01 FOXP2.rabit -3.23 rabit
 8 TCGA-T2-A6WX-01 FOXP2.rabit NA    rabit
 9 TCGA-CV-7247-01 FOXP2.rabit NA    rabit
10 TCGA-77-A5G3-01 FOXP2.rabit -3.62 rabit
# … with 776,990 more rows
[1] "write dat as tcga(cat)itmp on server"
[1] "tcgaitmp"
[1] "there should be nothing below"
[1] sample probe  value  type  
<0 rows> (or 0-length row.names)
[1] "starting db write"
[1] "db write of temp table complete"
[1] "insert tmpdata into core tidy tables"
[1] "select samples.key as samplekey, probes.key as probekey,  value, type from tcgaitmp left join samples on tcgaitmp.sample = samples.sample left join probes on tcgaitmp.probe = probes.probe "
[1] "insert into tcgai select samples.key as samplekey, probes.key as probekey,  value, type from tcgaitmp left join samples on tcgaitmp.sample = samples.sample left join probes on tcgaitmp.probe = probes.probe "
[1] 777000

> my_rabit = NULL

> gc()
             used   (Mb) gc trigger    (Mb)   max used    (Mb)
Ncells    1442669   77.1    2505911   133.9    2505911   133.9
Vcells 1184291000 9035.5 3617436232 27598.9 4542603585 34657.4

> library(DBI)

> try(dbDisconnect(con))

> if (!mysql) {
+     db = "tcga.db"
+     if (sqldestroy) {
+         print("destroying old sql database")
+         try(system(paste("rm", db)), silent = TRUE)
+         system("touch tcga.db")
+     }
+     con = RSQLite::dbConnect(RSQLite::SQLite(), dbname = db, 
+         flags = RSQLite::SQLITE_RW)
+ } else {
+     if (!require("RMySQL")) {
+         install.packages("RMySQL")
+     }
+     library(RMySQL)
+     if (mysqldb == "dev") {
+         con = RMySQL::dbConnect(drv = RMySQL::MySQL(), dbname = "pancan2018dev", 
+             host = "pancan2018dev.cbe7mtbvwi2d.us-east-1.rds.amazonaws.com", 
+             port = 3306, username = "admin", password = "Adminuser19")
+     }
+     else {
+         con = RMySQL::dbConnect(drv = RMySQL::MySQL(), dbname = "pancan2018", 
+             host = "pancan2018.cbe7mtbvwi2d.us-east-1.rds.amazonaws.com", 
+             port = 3306, username = "admin", password = "Adminuser19")
+     }
+ }

> my_hrd = read_tsv("Data/TCGA.HRD_withSampleID.txt.gz", 
+     trim_ws = TRUE, n_max = my.limit) %>% rename(probe = sampleID) %>% 
+     gather(sample, value, -probe) %>% mutate(type = "hrd") %>% 
+     select(sample, probe, value, type)
Rows: 4 Columns: 10648
── Column specification ────────────────────────────────────────────────────────
Delimiter: "\t"
chr     (1): sampleID
dbl (10647): TCGA-02-0001-01, TCGA-02-0003-01, TCGA-02-0006-01, TCGA-02-0007...

ℹ Use `spec()` to retrieve the full column specification for this data.
ℹ Specify the column types or set `show_col_types = FALSE` to quiet this message.

> my_hrd
# A tibble: 42,588 × 4
   sample          probe   value type 
   <chr>           <chr>   <dbl> <chr>
 1 TCGA-02-0001-01 ai1         5 hrd  
 2 TCGA-02-0001-01 lst1        8 hrd  
 3 TCGA-02-0001-01 hrd-loh     5 hrd  
 4 TCGA-02-0001-01 HRD        18 hrd  
 5 TCGA-02-0003-01 ai1         2 hrd  
 6 TCGA-02-0003-01 lst1        4 hrd  
 7 TCGA-02-0003-01 hrd-loh     1 hrd  
 8 TCGA-02-0003-01 HRD         7 hrd  
 9 TCGA-02-0006-01 ai1         1 hrd  
10 TCGA-02-0006-01 lst1        9 hrd  
# … with 42,578 more rows

> tablemaker(my_hrd)
<SQLiteConnection>
  Path: /scratch/Shiny/T2/tcga.db
  Extensions: TRUE
[1] "destination table tcgai"
[1] "writing to sample index table (samples)"
# A tibble: 6 × 2
  key   sample         
  <lgl> <chr>          
1 NA    TCGA-02-0001-01
2 NA    TCGA-02-0003-01
3 NA    TCGA-02-0006-01
4 NA    TCGA-02-0007-01
5 NA    TCGA-02-0009-01
6 NA    TCGA-02-0010-01
[1] "UPROBE"
# A tibble: 4 × 2
  key   probe      
  <lgl> <chr>      
1 NA    ai1.hrd    
2 NA    lst1.hrd   
3 NA    hrd-loh.hrd
4 NA    HRD.hrd    
[1] "dbwrite probestmp"
[1] "probestmp"
[1] "probes"
[1] "sanity checking: length, unique, head"
[1] 4
[1] 4
[1] "ai1.hrd"     "lst1.hrd"    "hrd-loh.hrd" "HRD.hrd"    
[1] "intersection of tmp file with probes"
[1] 0
[1] "allprobes"
[1] "dbwrite allprobestmp"
  key     probe
1   1 100130426
2   2 100133144
3   3 100134869
4   4     10357
5   5     10431
[1] "DELETING TYPE hrd from table tcgai"
# A tibble: 9 × 1
  type           
  <chr>          
1 rna            
2 cnv            
3 cnc            
4 rppa           
5 mut            
6 viral          
7 urna           
8 pc_gene_program
9 rabit          
[1] "delete from tcgai where type = \"hrd\""
[1] "Dat"
# A tibble: 6 × 4
  sample          probe   value type 
  <chr>           <chr>   <dbl> <chr>
1 TCGA-02-0001-01 ai1         5 hrd  
2 TCGA-02-0001-01 lst1        8 hrd  
3 TCGA-02-0001-01 hrd-loh     5 hrd  
4 TCGA-02-0001-01 HRD        18 hrd  
5 TCGA-02-0003-01 ai1         2 hrd  
6 TCGA-02-0003-01 lst1        4 hrd  
[1] "transform dat probe to probe.type if suffix = TRUE"
# A tibble: 42,588 × 4
   sample          probe       value type 
   <chr>           <chr>       <dbl> <chr>
 1 TCGA-02-0001-01 ai1.hrd         5 hrd  
 2 TCGA-02-0001-01 lst1.hrd        8 hrd  
 3 TCGA-02-0001-01 hrd-loh.hrd     5 hrd  
 4 TCGA-02-0001-01 HRD.hrd        18 hrd  
 5 TCGA-02-0003-01 ai1.hrd         2 hrd  
 6 TCGA-02-0003-01 lst1.hrd        4 hrd  
 7 TCGA-02-0003-01 hrd-loh.hrd     1 hrd  
 8 TCGA-02-0003-01 HRD.hrd         7 hrd  
 9 TCGA-02-0006-01 ai1.hrd         1 hrd  
10 TCGA-02-0006-01 lst1.hrd        9 hrd  
# … with 42,578 more rows
[1] "write dat as tcga(cat)itmp on server"
[1] "tcgaitmp"
[1] "there should be nothing below"
[1] sample probe  value  type  
<0 rows> (or 0-length row.names)
[1] "starting db write"
[1] "db write of temp table complete"
[1] "insert tmpdata into core tidy tables"
[1] "select samples.key as samplekey, probes.key as probekey,  value, type from tcgaitmp left join samples on tcgaitmp.sample = samples.sample left join probes on tcgaitmp.probe = probes.probe "
[1] "insert into tcgai select samples.key as samplekey, probes.key as probekey,  value, type from tcgaitmp left join samples on tcgaitmp.sample = samples.sample left join probes on tcgaitmp.probe = probes.probe "
[1] 42588

> my_hrd = NULL

> gc()
             used   (Mb) gc trigger    (Mb)   max used    (Mb)
Ncells    1442696   77.1    2505911   133.9    2505911   133.9
Vcells 1184301669 9035.6 3617436232 27598.9 4542603585 34657.4

> library(DBI)

> try(dbDisconnect(con))

> if (!mysql) {
+     db = "tcga.db"
+     if (sqldestroy) {
+         print("destroying old sql database")
+         try(system(paste("rm", db)), silent = TRUE)
+         system("touch tcga.db")
+     }
+     con = RSQLite::dbConnect(RSQLite::SQLite(), dbname = db, 
+         flags = RSQLite::SQLITE_RW)
+ } else {
+     if (!require("RMySQL")) {
+         install.packages("RMySQL")
+     }
+     library(RMySQL)
+     if (mysqldb == "dev") {
+         con = RMySQL::dbConnect(drv = RMySQL::MySQL(), dbname = "pancan2018dev", 
+             host = "pancan2018dev.cbe7mtbvwi2d.us-east-1.rds.amazonaws.com", 
+             port = 3306, username = "admin", password = "Adminuser19")
+     }
+     else {
+         con = RMySQL::dbConnect(drv = RMySQL::MySQL(), dbname = "pancan2018", 
+             host = "pancan2018.cbe7mtbvwi2d.us-east-1.rds.amazonaws.com", 
+             port = 3306, username = "admin", password = "Adminuser19")
+     }
+ }

> my_immune_score = read_tsv("Data/TCGA_pancancer_10852whitelistsamples_68ImmuneSigs.xena.gz", 
+     trim_ws = TRUE, n_max = my.limit) %>% rename(probe = ...1) %>% 
+     gather(sample, value, -probe) %>% mutate(type = "immune_score") %>% 
+     select(sample, probe, value, type)
New names:
* `` -> ...1
* `TCGA-06-0156-01` -> `TCGA-06-0156-01...55`
* `TCGA-06-0156-01` -> `TCGA-06-0156-01...56`
* `TCGA-06-0211-01` -> `TCGA-06-0211-01...69`
* `TCGA-06-0211-01` -> `TCGA-06-0211-01...70`
* ...
Rows: 68 Columns: 10853
── Column specification ────────────────────────────────────────────────────────
Delimiter: "\t"
chr     (1): ...1
dbl (10852): TCGA-02-0047-01, TCGA-02-0055-01, TCGA-02-2483-01, TCGA-02-2485...

ℹ Use `spec()` to retrieve the full column specification for this data.
ℹ Specify the column types or set `show_col_types = FALSE` to quiet this message.

> my_immune_score
# A tibble: 737,936 × 4
   sample          probe               value type        
   <chr>           <chr>               <dbl> <chr>       
 1 TCGA-02-0047-01 ICS5_score         -1.52  immune_score
 2 TCGA-02-0047-01 LIexpression_score -1.86  immune_score
 3 TCGA-02-0047-01 Chemokine12_score  -1.72  immune_score
 4 TCGA-02-0047-01 NHI_5gene_score    -0.166 immune_score
 5 TCGA-02-0047-01 CD68                0.45  immune_score
 6 TCGA-02-0047-01 CD8A               -1.76  immune_score
 7 TCGA-02-0047-01 PD1_data           -1.07  immune_score
 8 TCGA-02-0047-01 PDL1_data          -0.408 immune_score
 9 TCGA-02-0047-01 PD1_PDL1_score     -0.739 immune_score
10 TCGA-02-0047-01 CTLA4_data         -0.592 immune_score
# … with 737,926 more rows

> unique(my_immune_score$probe)
 [1] "ICS5_score"                       "LIexpression_score"              
 [3] "Chemokine12_score"                "NHI_5gene_score"                 
 [5] "CD68"                             "CD8A"                            
 [7] "PD1_data"                         "PDL1_data"                       
 [9] "PD1_PDL1_score"                   "CTLA4_data"                      
[11] "Bcell_mg_IGJ"                     "Bcell_receptors_score"           
[13] "STAT1_score"                      "CSF1_response"                   
[15] "TcClassII_score"                  "IL12_score_21050467"             
[17] "IL4_score_21050467"               "IL2_score_21050467"              
[19] "IL13_score_21050467"              "IFNG_score_21050467"             
[21] "TGFB_score_21050467"              "TREM1_data"                      
[23] "DAP12_data"                       "Tcell_receptors_score"           
[25] "IL8_21978456"                     "IFN_21978456"                    
[27] "MHC1_21978456"                    "MHC2_21978456"                   
[29] "Bcell_21978456"                   "Tcell_21978456"                  
[31] "CD103pos_mean_25446897"           "CD103neg_mean_25446897"          
[33] "IgG_19272155"                     "Interferon_19272155"             
[35] "LCK_19272155"                     "MHC.I_19272155"                  
[37] "MHC.II_19272155"                  "STAT1_19272155"                  
[39] "Troester_WoundSig_19887484"       "MDACC.FNA.1_20805453"            
[41] "IGG_Cluster_21214954"             "Minterferon_Cluster_21214954"    
[43] "Immune_cell_Cluster_21214954"     "MCD3_CD8_21214954"               
[45] "Interferon_Cluster_21214954"      "B_cell_PCA_16704732"             
[47] "CD8_PCA_16704732"                 "GRANS_PCA_16704732"              
[49] "LYMPHS_PCA_16704732"              "T_cell_PCA_16704732"             
[51] "TGFB_PCA_17349583"                "Rotterdam_ERneg_PCA_15721472"    
[53] "HER2_Immune_PCA_18006808"         "IR7_score"                       
[55] "Buck14_score"                     "TAMsurr_score"                   
[57] "Immune_NSCLC_score"               "Module3_IFN_score"               
[59] "Module4_TcellBcell_score"         "Module5_TcellBcell_score"        
[61] "Module11_Prolif_score"            "GP11_Immune_IFN"                 
[63] "GP2_ImmuneTcellBcell_score"       "CD8_CD68_ratio"                  
[65] "TAMsurr_TcClassII_ratio"          "CHANG_CORE_SERUM_RESPONSE_UP"    
[67] "CSR_Activated_15701700"           "CD103pos_CD103neg_ratio_25446897"

> tablemaker(my_immune_score)
<SQLiteConnection>
  Path: /scratch/Shiny/T2/tcga.db
  Extensions: TRUE
[1] "destination table tcgai"
[1] "writing to sample index table (samples)"
# A tibble: 6 × 2
  key   sample         
  <lgl> <chr>          
1 NA    TCGA-02-0047-01
2 NA    TCGA-02-0055-01
3 NA    TCGA-02-2483-01
4 NA    TCGA-02-2485-01
5 NA    TCGA-02-2486-01
6 NA    TCGA-04-1348-01
[1] "UPROBE"
# A tibble: 6 × 2
  key   probe                          
  <lgl> <chr>                          
1 NA    ICS5_score.immune_score        
2 NA    LIexpression_score.immune_score
3 NA    Chemokine12_score.immune_score 
4 NA    NHI_5gene_score.immune_score   
5 NA    CD68.immune_score              
6 NA    CD8A.immune_score              
[1] "dbwrite probestmp"
[1] "probestmp"
[1] "probes"
[1] "sanity checking: length, unique, head"
[1] 68
[1] 68
[1] "ICS5_score.immune_score"         "LIexpression_score.immune_score"
[3] "Chemokine12_score.immune_score"  "NHI_5gene_score.immune_score"   
[5] "CD68.immune_score"               "CD8A.immune_score"              
[1] "intersection of tmp file with probes"
[1] 0
[1] "allprobes"
[1] "dbwrite allprobestmp"
  key     probe
1   1 100130426
2   2 100133144
3   3 100134869
4   4     10357
5   5     10431
[1] "DELETING TYPE immune_score from table tcgai"
# A tibble: 10 × 1
   type           
   <chr>          
 1 rna            
 2 cnv            
 3 cnc            
 4 rppa           
 5 mut            
 6 viral          
 7 urna           
 8 pc_gene_program
 9 rabit          
10 hrd            
[1] "delete from tcgai where type = \"immune_score\""
[1] "Dat"
# A tibble: 6 × 4
  sample          probe               value type        
  <chr>           <chr>               <dbl> <chr>       
1 TCGA-02-0047-01 ICS5_score         -1.52  immune_score
2 TCGA-02-0047-01 LIexpression_score -1.86  immune_score
3 TCGA-02-0047-01 Chemokine12_score  -1.72  immune_score
4 TCGA-02-0047-01 NHI_5gene_score    -0.166 immune_score
5 TCGA-02-0047-01 CD68                0.45  immune_score
6 TCGA-02-0047-01 CD8A               -1.76  immune_score
[1] "transform dat probe to probe.type if suffix = TRUE"
# A tibble: 737,936 × 4
   sample          probe                            value type        
   <chr>           <chr>                            <dbl> <chr>       
 1 TCGA-02-0047-01 ICS5_score.immune_score         -1.52  immune_score
 2 TCGA-02-0047-01 LIexpression_score.immune_score -1.86  immune_score
 3 TCGA-02-0047-01 Chemokine12_score.immune_score  -1.72  immune_score
 4 TCGA-02-0047-01 NHI_5gene_score.immune_score    -0.166 immune_score
 5 TCGA-02-0047-01 CD68.immune_score                0.45  immune_score
 6 TCGA-02-0047-01 CD8A.immune_score               -1.76  immune_score
 7 TCGA-02-0047-01 PD1_data.immune_score           -1.07  immune_score
 8 TCGA-02-0047-01 PDL1_data.immune_score          -0.408 immune_score
 9 TCGA-02-0047-01 PD1_PDL1_score.immune_score     -0.739 immune_score
10 TCGA-02-0047-01 CTLA4_data.immune_score         -0.592 immune_score
# … with 737,926 more rows
[1] "write dat as tcga(cat)itmp on server"
[1] "tcgaitmp"
[1] "there should be nothing below"
[1] sample probe  value  type  
<0 rows> (or 0-length row.names)
[1] "starting db write"
[1] "db write of temp table complete"
[1] "insert tmpdata into core tidy tables"
[1] "select samples.key as samplekey, probes.key as probekey,  value, type from tcgaitmp left join samples on tcgaitmp.sample = samples.sample left join probes on tcgaitmp.probe = probes.probe "
[1] "insert into tcgai select samples.key as samplekey, probes.key as probekey,  value, type from tcgaitmp left join samples on tcgaitmp.sample = samples.sample left join probes on tcgaitmp.probe = probes.probe "
[1] 737936

> my_immune_score = NULL

> gc()
             used   (Mb) gc trigger    (Mb)   max used    (Mb)
Ncells    1442855   77.1    2505911   133.9    2505911   133.9
Vcells 1184312768 9035.6 3617436232 27598.9 4542603585 34657.4

> library(DBI)

> try(dbDisconnect(con))

> if (!mysql) {
+     db = "tcga.db"
+     if (sqldestroy) {
+         print("destroying old sql database")
+         try(system(paste("rm", db)), silent = TRUE)
+         system("touch tcga.db")
+     }
+     con = RSQLite::dbConnect(RSQLite::SQLite(), dbname = db, 
+         flags = RSQLite::SQLITE_RW)
+ } else {
+     if (!require("RMySQL")) {
+         install.packages("RMySQL")
+     }
+     library(RMySQL)
+     if (mysqldb == "dev") {
+         con = RMySQL::dbConnect(drv = RMySQL::MySQL(), dbname = "pancan2018dev", 
+             host = "pancan2018dev.cbe7mtbvwi2d.us-east-1.rds.amazonaws.com", 
+             port = 3306, username = "admin", password = "Adminuser19")
+     }
+     else {
+         con = RMySQL::dbConnect(drv = RMySQL::MySQL(), dbname = "pancan2018", 
+             host = "pancan2018.cbe7mtbvwi2d.us-east-1.rds.amazonaws.com", 
+             port = 3306, username = "admin", password = "Adminuser19")
+     }
+ }

> my_molec_subtype = read_tsv("Data/TCGASubtype.20170308.tsv.gz", 
+     col_types = cols(.default = col_character()), trim_ws = TRUE, 
+     n_max = my.limit) %>% rename(sample = sampleID) %>% mutate(sample = make.unique(sample, 
+     sep = "_")) %>% gather(probe, value, -sample) %>% mutate(type = "molec_subtype") %>% 
+     select(sample, probe, value, type)

> my_molec_subtype
# A tibble: 61,872 × 4
   sample          probe        value                                type       
   <chr>           <chr>        <chr>                                <chr>      
 1 TCGA-OR-A5J1-01 Subtype_mRNA steroid-phenotype-high+proliferation molec_subt…
 2 TCGA-OR-A5J2-01 Subtype_mRNA steroid-phenotype-high+proliferation molec_subt…
 3 TCGA-OR-A5J3-01 Subtype_mRNA steroid-phenotype-high               molec_subt…
 4 TCGA-OR-A5J4-01 Subtype_mRNA <NA>                                 molec_subt…
 5 TCGA-OR-A5J5-01 Subtype_mRNA steroid-phenotype-high               molec_subt…
 6 TCGA-OR-A5J6-01 Subtype_mRNA steroid-phenotype-low                molec_subt…
 7 TCGA-OR-A5J7-01 Subtype_mRNA steroid-phenotype-high+proliferation molec_subt…
 8 TCGA-OR-A5J8-01 Subtype_mRNA steroid-phenotype-low+proliferation  molec_subt…
 9 TCGA-OR-A5J9-01 Subtype_mRNA steroid-phenotype-high               molec_subt…
10 TCGA-OR-A5JA-01 Subtype_mRNA steroid-phenotype-high               molec_subt…
# … with 61,862 more rows

> unique(my_molec_subtype$probe)
[1] "Subtype_mRNA"        "Subtype_DNAmeth"     "Subtype_protein"    
[4] "Subtype_miRNA"       "Subtype_CNA"         "Subtype_Integrative"
[7] "Subtype_other"       "Subtype_Selected"   

> unique(my_molec_subtype$value)
  [1] "steroid-phenotype-high+proliferation"                 
  [2] "steroid-phenotype-high"                               
  [3] NA                                                     
  [4] "steroid-phenotype-low"                                
  [5] "steroid-phenotype-low+proliferation"                  
  [6] "3"                                                    
  [7] "5"                                                    
  [8] "4"                                                    
  [9] "6"                                                    
 [10] "1"                                                    
 [11] "2"                                                    
 [12] "7"                                                    
 [13] "Normal"                                               
 [14] "LumA"                                                 
 [15] "Her2"                                                 
 [16] "LumB"                                                 
 [17] "Basal"                                                
 [18] "LGr3"                                                 
 [19] "LGr4"                                                 
 [20] "LGr1"                                                 
 [21] "LGr2"                                                 
 [22] "unclassified"                                         
 [23] "Mesenchymal"                                          
 [24] "Atypical"                                             
 [25] "Classical"                                            
 [26] "mRNA.Cluster 3"                                       
 [27] "mRNA.Cluster 1"                                       
 [28] "mRNA.Cluster 2"                                       
 [29] "basal"                                                
 [30] "classical"                                            
 [31] "secretory"                                            
 [32] "primitive"                                            
 [33] "Proliferative"                                        
 [34] "Differentiated"                                       
 [35] "Immunoreactive"                                       
 [36] "Kinase signaling"                                     
 [37] "Wnt-altered"                                          
 [38] "Pseudohypoxia"                                        
 [39] "Cortical admixture"                                   
 [40] "keratin"                                              
 [41] "immune"                                               
 [42] "MITF-low"                                             
 [43] "-"                                                    
 [44] "CIMP-high"                                            
 [45] "CIMP-low"                                             
 [46] "CIMP-intermediate"                                    
 [47] "LGm2"                                                 
 [48] "LGm5"                                                 
 [49] "LGm3"                                                 
 [50] "LGm4"                                                 
 [51] "LGm1"                                                 
 [52] "LGm6"                                                 
 [53] "hypo-methylated"                                      
 [54] "normal-like"                                          
 [55] "hyper-methylated"                                     
 [56] "CpG island hyper-methylated"                          
 [57] "DNA_meth_cluster:2"                                   
 [58] "CIMP"                                                 
 [59] "DNA_meth_cluster:1"                                   
 [60] "low"                                                  
 [61] "intermediate"                                         
 [62] "high"                                                 
 [63] "low-methylated"                                       
 [64] "CpG island-methylated"                                
 [65] "classical 2"                                          
 [66] "follicular"                                           
 [67] "CpG island methylated"                                
 [68] "classical 1"                                          
 [69] "K2"                                                   
 [70] "K1"                                                   
 [71] "RPPA cluster 1"                                       
 [72] "RPPA cluster 2"                                       
 [73] "RPPA cluster 3"                                       
 [74] "PROT.type.1"                                          
 [75] "PROT.type.2"                                          
 [76] "PROT.type.3"                                          
 [77] "PROT.type.4"                                          
 [78] "miRNA_1"                                              
 [79] "miRNA_6"                                              
 [80] "miRNA_2"                                              
 [81] "miRNA_5"                                              
 [82] "miRNA_4"                                              
 [83] "miRNA_3"                                              
 [84] "miRNA cluster:3"                                      
 [85] "miRNA cluster:4"                                      
 [86] "miRNA cluster:1"                                      
 [87] "miRNA cluster:2"                                      
 [88] "#N/A"                                                 
 [89] "MIR.type.3"                                           
 [90] "MIR.type.2"                                           
 [91] "MIR.type.1"                                           
 [92] "MIR.type.4"                                           
 [93] "Quiet"                                                
 [94] "Noisy"                                                
 [95] "Chromosomal"                                          
 [96] "CN_1:Genome Unstable, p16 deleted"                    
 [97] "CN_2:Arm level Alterations,chr7 gain"                 
 [98] "CN_3:Genome Stable, sporadic SCNAs, few p16 deletions"
 [99] "Some_SCNA"                                            
[100] "More_SCNA"                                            
[101] "SomeSCNA"                                             
[102] "22q"                                                  
[103] "Many SCNA"                                            
[104] "COC3"                                                 
[105] "COC2"                                                 
[106] "COC1"                                                 
[107] "C2a"                                                  
[108] "C1"                                                   
[109] "C2c - CIMP"                                           
[110] "C2b"                                                  
[111] "iCluster:3"                                           
[112] "iCluster:1"                                           
[113] "iCluster:2"                                           
[114] "Notassigned"                                          
[115] "CN high"                                              
[116] "MSI"                                                  
[117] "CN low"                                               
[118] "POLE"                                                 
[119] "C1A"                                                  
[120] "C1B"                                                  
[121] "G-CIMP-high"                                          
[122] "Mesenchymal-like"                                     
[123] "Codel"                                                
[124] "Classic-like"                                         
[125] "G-CIMP-low"                                           
[126] "PA-like"                                              
[127] "LGm6-GBM"                                             
[128] "CIN"                                                  
[129] "GS"                                                   
[130] "HM-indel"                                             
[131] "HM-SNV"                                               
[132] "EBV"                                                  
[133] "ESCC"                                                 
[134] "Paradigma.4"                                          
[135] "Paradigma.1"                                          
[136] "Paradigma.5"                                          
[137] "Paradigma.2"                                          
[138] "Paradigma.NA"                                         
[139] "Eosin.0"                                              
[140] "Eosin.1"                                              
[141] "Paradigm:C3"                                          
[142] "Paradigm:C1"                                          
[143] "Paradigm:C2"                                          
[144] "Paradigm:C4"                                          
[145] "1-ERG"                                                
[146] "2-ETV1"                                               
[147] "3-ETV4"                                               
[148] "4-FLI1"                                               
[149] "5-SPOP"                                               
[150] "6-FOXA1"                                              
[151] "7-IDH1"                                               
[152] "8-other"                                              
[153] "BRAF_Hotspot_Mutants"                                 
[154] "RAS_Hotspot_Mutants"                                  
[155] "Triple_WT"                                            
[156] "NF1_Any_Mutants"                                      
[157] "Classical/usual"                                      
[158] "Follicular (>= 99% follicular patterned)"             
[159] "Tall Cell (>= 50% tall cell features)"                
[160] "Other  specify"                                       
[161] "MSI-H"                                                
[162] "MSI-L"                                                
[163] "MSS"                                                  
[164] "Indeterminant"                                        
[165] "ACC.CIMP-high"                                        
[166] "ACC.CIMP-low"                                         
[167] "ACC.CIMP-intermediate"                                
[168] "ACC.NA"                                               
[169] "AML.NA"                                               
[170] "AML.3"                                                
[171] "AML.5"                                                
[172] "AML.4"                                                
[173] "AML.6"                                                
[174] "AML.1"                                                
[175] "AML.2"                                                
[176] "AML.7"                                                
[177] "BLCA.1"                                               
[178] "BLCA.2"                                               
[179] "BLCA.3"                                               
[180] "BLCA.4"                                               
[181] "BRCA.Normal"                                          
[182] "BRCA.LumA"                                            
[183] "BRCA.Her2"                                            
[184] "BRCA.LumB"                                            
[185] "BRCA.Basal"                                           
[186] "GBM_LGG.G-CIMP-high"                                  
[187] "GBM_LGG.Mesenchymal-like"                             
[188] "GBM_LGG.Codel"                                        
[189] "GBM_LGG.Classic-like"                                 
[190] "GBM_LGG.G-CIMP-low"                                   
[191] "GBM_LGG.PA-like"                                      
[192] "GBM_LGG.NA"                                           
[193] "GBM_LGG.LGm6-GBM"                                     
[194] "GI.CIN"                                               
[195] "GI.GS"                                                
[196] "GI.HM-indel"                                          
[197] "GI.HM-SNV"                                            
[198] "GI.EBV"                                               
[199] "GI.ESCC"                                              
[200] "HNSC.Mesenchymal"                                     
[201] "HNSC.Basal"                                           
[202] "HNSC.Atypical"                                        
[203] "HNSC.Classical"                                       
[204] "KICH.Eosin.0"                                         
[205] "KICH.Eosin.1"                                         
[206] "KIRC.1"                                               
[207] "KIRC.2"                                               
[208] "KIRC.3"                                               
[209] "KIRC.4"                                               
[210] "KIRC.NA"                                              
[211] "KIRP.C2a"                                             
[212] "KIRP.C1"                                              
[213] "KIRP.C2c - CIMP"                                      
[214] "KIRP.C2b"                                             
[215] "LIHC.iCluster:3"                                      
[216] "LIHC.iCluster:1"                                      
[217] "LIHC.iCluster:2"                                      
[218] "LIHC.NA"                                              
[219] "LUAD.5"                                               
[220] "LUAD.6"                                               
[221] "LUAD.1"                                               
[222] "LUAD.2"                                               
[223] "LUAD.3"                                               
[224] "LUAD.4"                                               
[225] "LUSC.basal"                                           
[226] "LUSC.classical"                                       
[227] "LUSC.secretory"                                       
[228] "LUSC.primitive"                                       
[229] "OVCA.Proliferative"                                   
[230] "OVCA.Mesenchymal"                                     
[231] "OVCA.Differentiated"                                  
[232] "OVCA.Immunoreactive"                                  
[233] "PCPG.Kinase signaling"                                
[234] "PCPG.NA"                                              
[235] "PCPG.Wnt-altered"                                     
[236] "PCPG.Pseudohypoxia"                                   
[237] "PCPG.Cortical admixture"                              
[238] "PRAD.1-ERG"                                           
[239] "PRAD.2-ETV1"                                          
[240] "PRAD.3-ETV4"                                          
[241] "PRAD.4-FLI1"                                          
[242] "PRAD.5-SPOP"                                          
[243] "PRAD.6-FOXA1"                                         
[244] "PRAD.7-IDH1"                                          
[245] "PRAD.8-other"                                         
[246] "SKCM.BRAF_Hotspot_Mutants"                            
[247] "SKCM.RAS_Hotspot_Mutants"                             
[248] "SKCM.Triple_WT"                                       
[249] "SKCM.-"                                               
[250] "SKCM.NF1_Any_Mutants"                                 
[251] "THCA.1"                                               
[252] "THCA.2"                                               
[253] "THCA.3"                                               
[254] "THCA.4"                                               
[255] "THCA.NA"                                              
[256] "THCA.5"                                               
[257] "UCEC.CN_HIGH"                                         
[258] "UCEC.CN_LOW"                                          
[259] "UCEC.POLE"                                            
[260] "UCEC.NA"                                              
[261] "UCEC.MSI"                                             
[262] "UCS.1"                                                
[263] "UCS.2"                                                

> tablemaker(my_molec_subtype, categorical = TRUE, suffix = FALSE)
<SQLiteConnection>
  Path: /scratch/Shiny/T2/tcga.db
  Extensions: TRUE
[1] "destination table tcgacati"
[1] "writing to sample index table (samples)"
# A tibble: 6 × 2
  key   sample         
  <lgl> <chr>          
1 NA    TCGA-OR-A5J1-01
2 NA    TCGA-OR-A5J2-01
3 NA    TCGA-OR-A5J3-01
4 NA    TCGA-OR-A5J4-01
5 NA    TCGA-OR-A5J5-01
6 NA    TCGA-OR-A5J6-01
[1] "UPROBE"
# A tibble: 6 × 2
  key   probe              
  <lgl> <chr>              
1 NA    Subtype_mRNA       
2 NA    Subtype_DNAmeth    
3 NA    Subtype_protein    
4 NA    Subtype_miRNA      
5 NA    Subtype_CNA        
6 NA    Subtype_Integrative
[1] "dbwrite probestmp"
[1] "probestmp"
[1] "probes"
[1] "sanity checking: length, unique, head"
[1] 8
[1] 8
[1] "Subtype_mRNA"        "Subtype_DNAmeth"     "Subtype_protein"    
[4] "Subtype_miRNA"       "Subtype_CNA"         "Subtype_Integrative"
[1] "intersection of tmp file with probes"
[1] 0
[1] "allprobes"
[1] "dbwrite allprobestmp"
  key     probe
1   1 100130426
2   2 100133144
3   3 100134869
4   4     10357
5   5     10431
[1] "DELETING TYPE molec_subtype from table tcgacati"
# A tibble: 11 × 1
   type           
   <chr>          
 1 rna            
 2 cnv            
 3 cnc            
 4 rppa           
 5 mut            
 6 viral          
 7 urna           
 8 pc_gene_program
 9 rabit          
10 hrd            
11 immune_score   
[1] "delete from tcgacati where type = \"molec_subtype\""
[1] "Dat"
# A tibble: 6 × 4
  sample          probe        value                                type        
  <chr>           <chr>        <chr>                                <chr>       
1 TCGA-OR-A5J1-01 Subtype_mRNA steroid-phenotype-high+proliferation molec_subty…
2 TCGA-OR-A5J2-01 Subtype_mRNA steroid-phenotype-high+proliferation molec_subty…
3 TCGA-OR-A5J3-01 Subtype_mRNA steroid-phenotype-high               molec_subty…
4 TCGA-OR-A5J4-01 Subtype_mRNA <NA>                                 molec_subty…
5 TCGA-OR-A5J5-01 Subtype_mRNA steroid-phenotype-high               molec_subty…
6 TCGA-OR-A5J6-01 Subtype_mRNA steroid-phenotype-low                molec_subty…
[1] "transform dat probe to probe.type if suffix = TRUE"
# A tibble: 61,872 × 4
   sample          probe        value                                type       
   <chr>           <chr>        <chr>                                <chr>      
 1 TCGA-OR-A5J1-01 Subtype_mRNA steroid-phenotype-high+proliferation molec_subt…
 2 TCGA-OR-A5J2-01 Subtype_mRNA steroid-phenotype-high+proliferation molec_subt…
 3 TCGA-OR-A5J3-01 Subtype_mRNA steroid-phenotype-high               molec_subt…
 4 TCGA-OR-A5J4-01 Subtype_mRNA <NA>                                 molec_subt…
 5 TCGA-OR-A5J5-01 Subtype_mRNA steroid-phenotype-high               molec_subt…
 6 TCGA-OR-A5J6-01 Subtype_mRNA steroid-phenotype-low                molec_subt…
 7 TCGA-OR-A5J7-01 Subtype_mRNA steroid-phenotype-high+proliferation molec_subt…
 8 TCGA-OR-A5J8-01 Subtype_mRNA steroid-phenotype-low+proliferation  molec_subt…
 9 TCGA-OR-A5J9-01 Subtype_mRNA steroid-phenotype-high               molec_subt…
10 TCGA-OR-A5JA-01 Subtype_mRNA steroid-phenotype-high               molec_subt…
# … with 61,862 more rows
[1] "write dat as tcga(cat)itmp on server"
[1] "tcgacatitmp"
[1] "there should be nothing below"
[1] sample probe  value  type  
<0 rows> (or 0-length row.names)
[1] "starting db write"
[1] "db write of temp table complete"
[1] "insert tmpdata into core tidy tables"
[1] "select samples.key as samplekey, probes.key as probekey,  value, type from tcgacatitmp left join samples on tcgacatitmp.sample = samples.sample left join probes on tcgacatitmp.probe = probes.probe "
[1] "insert into tcgacati select samples.key as samplekey, probes.key as probekey,  value, type from tcgacatitmp left join samples on tcgacatitmp.sample = samples.sample left join probes on tcgacatitmp.probe = probes.probe "
[1] 61872

> dbGetQuery(con, "select distinct value from tcgacati")
                                                    value
1                    steroid-phenotype-high+proliferation
2                                  steroid-phenotype-high
3                                                    <NA>
4                                   steroid-phenotype-low
5                     steroid-phenotype-low+proliferation
6                                                       3
7                                                       5
8                                                       4
9                                                       6
10                                                      1
11                                                      2
12                                                      7
13                                                 Normal
14                                                   LumA
15                                                   Her2
16                                                   LumB
17                                                  Basal
18                                                   LGr3
19                                                   LGr4
20                                                   LGr1
21                                                   LGr2
22                                           unclassified
23                                            Mesenchymal
24                                               Atypical
25                                              Classical
26                                         mRNA.Cluster 3
27                                         mRNA.Cluster 1
28                                         mRNA.Cluster 2
29                                                  basal
30                                              classical
31                                              secretory
32                                              primitive
33                                          Proliferative
34                                         Differentiated
35                                         Immunoreactive
36                                       Kinase signaling
37                                            Wnt-altered
38                                          Pseudohypoxia
39                                     Cortical admixture
40                                                keratin
41                                                 immune
42                                               MITF-low
43                                                      -
44                                              CIMP-high
45                                               CIMP-low
46                                      CIMP-intermediate
47                                                   LGm2
48                                                   LGm5
49                                                   LGm3
50                                                   LGm4
51                                                   LGm1
52                                                   LGm6
53                                        hypo-methylated
54                                            normal-like
55                                       hyper-methylated
56                            CpG island hyper-methylated
57                                     DNA_meth_cluster:2
58                                                   CIMP
59                                     DNA_meth_cluster:1
60                                                    low
61                                           intermediate
62                                                   high
63                                         low-methylated
64                                  CpG island-methylated
65                                            classical 2
66                                             follicular
67                                  CpG island methylated
68                                            classical 1
69                                                     K2
70                                                     K1
71                                         RPPA cluster 1
72                                         RPPA cluster 2
73                                         RPPA cluster 3
74                                            PROT.type.1
75                                            PROT.type.2
76                                            PROT.type.3
77                                            PROT.type.4
78                                                miRNA_1
79                                                miRNA_6
80                                                miRNA_2
81                                                miRNA_5
82                                                miRNA_4
83                                                miRNA_3
84                                        miRNA cluster:3
85                                        miRNA cluster:4
86                                        miRNA cluster:1
87                                        miRNA cluster:2
88                                                   #N/A
89                                             MIR.type.3
90                                             MIR.type.2
91                                             MIR.type.1
92                                             MIR.type.4
93                                                  Quiet
94                                                  Noisy
95                                            Chromosomal
96                      CN_1:Genome Unstable, p16 deleted
97                   CN_2:Arm level Alterations,chr7 gain
98  CN_3:Genome Stable, sporadic SCNAs, few p16 deletions
99                                              Some_SCNA
100                                             More_SCNA
101                                              SomeSCNA
102                                                   22q
103                                             Many SCNA
104                                                  COC3
105                                                  COC2
106                                                  COC1
107                                                   C2a
108                                                    C1
109                                            C2c - CIMP
110                                                   C2b
111                                            iCluster:3
112                                            iCluster:1
113                                            iCluster:2
114                                           Notassigned
115                                               CN high
116                                                   MSI
117                                                CN low
118                                                  POLE
119                                                   C1A
120                                                   C1B
121                                           G-CIMP-high
122                                      Mesenchymal-like
123                                                 Codel
124                                          Classic-like
125                                            G-CIMP-low
126                                               PA-like
127                                              LGm6-GBM
128                                                   CIN
129                                                    GS
130                                              HM-indel
131                                                HM-SNV
132                                                   EBV
133                                                  ESCC
134                                           Paradigma.4
135                                           Paradigma.1
136                                           Paradigma.5
137                                           Paradigma.2
138                                          Paradigma.NA
139                                               Eosin.0
140                                               Eosin.1
141                                           Paradigm:C3
142                                           Paradigm:C1
143                                           Paradigm:C2
144                                           Paradigm:C4
145                                                 1-ERG
146                                                2-ETV1
147                                                3-ETV4
148                                                4-FLI1
149                                                5-SPOP
150                                               6-FOXA1
151                                                7-IDH1
152                                               8-other
153                                  BRAF_Hotspot_Mutants
154                                   RAS_Hotspot_Mutants
155                                             Triple_WT
156                                       NF1_Any_Mutants
157                                       Classical/usual
158              Follicular (>= 99% follicular patterned)
159                 Tall Cell (>= 50% tall cell features)
160                                        Other  specify
161                                                 MSI-H
162                                                 MSI-L
163                                                   MSS
164                                         Indeterminant
165                                         ACC.CIMP-high
166                                          ACC.CIMP-low
167                                 ACC.CIMP-intermediate
168                                                ACC.NA
169                                                AML.NA
170                                                 AML.3
171                                                 AML.5
172                                                 AML.4
173                                                 AML.6
174                                                 AML.1
175                                                 AML.2
176                                                 AML.7
177                                                BLCA.1
178                                                BLCA.2
179                                                BLCA.3
180                                                BLCA.4
181                                           BRCA.Normal
182                                             BRCA.LumA
183                                             BRCA.Her2
184                                             BRCA.LumB
185                                            BRCA.Basal
186                                   GBM_LGG.G-CIMP-high
187                              GBM_LGG.Mesenchymal-like
188                                         GBM_LGG.Codel
189                                  GBM_LGG.Classic-like
190                                    GBM_LGG.G-CIMP-low
191                                       GBM_LGG.PA-like
192                                            GBM_LGG.NA
193                                      GBM_LGG.LGm6-GBM
194                                                GI.CIN
195                                                 GI.GS
196                                           GI.HM-indel
197                                             GI.HM-SNV
198                                                GI.EBV
199                                               GI.ESCC
200                                      HNSC.Mesenchymal
201                                            HNSC.Basal
202                                         HNSC.Atypical
203                                        HNSC.Classical
204                                          KICH.Eosin.0
205                                          KICH.Eosin.1
206                                                KIRC.1
207                                                KIRC.2
208                                                KIRC.3
209                                                KIRC.4
210                                               KIRC.NA
211                                              KIRP.C2a
212                                               KIRP.C1
213                                       KIRP.C2c - CIMP
214                                              KIRP.C2b
215                                       LIHC.iCluster:3
216                                       LIHC.iCluster:1
217                                       LIHC.iCluster:2
218                                               LIHC.NA
219                                                LUAD.5
220                                                LUAD.6
221                                                LUAD.1
222                                                LUAD.2
223                                                LUAD.3
224                                                LUAD.4
225                                            LUSC.basal
226                                        LUSC.classical
227                                        LUSC.secretory
228                                        LUSC.primitive
229                                    OVCA.Proliferative
230                                      OVCA.Mesenchymal
231                                   OVCA.Differentiated
232                                   OVCA.Immunoreactive
233                                 PCPG.Kinase signaling
234                                               PCPG.NA
235                                      PCPG.Wnt-altered
236                                    PCPG.Pseudohypoxia
237                               PCPG.Cortical admixture
238                                            PRAD.1-ERG
239                                           PRAD.2-ETV1
240                                           PRAD.3-ETV4
241                                           PRAD.4-FLI1
242                                           PRAD.5-SPOP
243                                          PRAD.6-FOXA1
244                                           PRAD.7-IDH1
245                                          PRAD.8-other
246                             SKCM.BRAF_Hotspot_Mutants
247                              SKCM.RAS_Hotspot_Mutants
248                                        SKCM.Triple_WT
249                                                SKCM.-
250                                  SKCM.NF1_Any_Mutants
251                                                THCA.1
252                                                THCA.2
253                                                THCA.3
254                                                THCA.4
255                                               THCA.NA
256                                                THCA.5
257                                          UCEC.CN_HIGH
258                                           UCEC.CN_LOW
259                                             UCEC.POLE
260                                               UCEC.NA
261                                              UCEC.MSI
262                                                 UCS.1
263                                                 UCS.2

> my_molec_subtype = NULL

> gc()
             used   (Mb) gc trigger    (Mb)   max used    (Mb)
Ncells    1442949   77.1    2505911   133.9    2505911   133.9
Vcells 1184312877 9035.6 3617436232 27598.9 4542603585 34657.4

> library(DBI)

> try(dbDisconnect(con))

> if (!mysql) {
+     db = "tcga.db"
+     if (sqldestroy) {
+         print("destroying old sql database")
+         try(system(paste("rm", db)), silent = TRUE)
+         system("touch tcga.db")
+     }
+     con = RSQLite::dbConnect(RSQLite::SQLite(), dbname = db, 
+         flags = RSQLite::SQLITE_RW)
+ } else {
+     if (!require("RMySQL")) {
+         install.packages("RMySQL")
+     }
+     library(RMySQL)
+     if (mysqldb == "dev") {
+         con = RMySQL::dbConnect(drv = RMySQL::MySQL(), dbname = "pancan2018dev", 
+             host = "pancan2018dev.cbe7mtbvwi2d.us-east-1.rds.amazonaws.com", 
+             port = 3306, username = "admin", password = "Adminuser19")
+     }
+     else {
+         con = RMySQL::dbConnect(drv = RMySQL::MySQL(), dbname = "pancan2018", 
+             host = "pancan2018.cbe7mtbvwi2d.us-east-1.rds.amazonaws.com", 
+             port = 3306, username = "admin", password = "Adminuser19")
+     }
+ }

> my_immune = read_tsv("Data/Subtype_Immune_Model_Based.txt.gz", 
+     trim_ws = TRUE, n_max = my.limit) %>% mutate(sample = make.unique(sample, 
+     sep = "_")) %>% gather(probe, value, -sample) %>% mutate(type = "immune_subtype") %>% 
+     select(sample, probe, value, type)
Rows: 9126 Columns: 2
── Column specification ────────────────────────────────────────────────────────
Delimiter: "\t"
chr (2): sample, Subtype_Immune_Model_Based

ℹ Use `spec()` to retrieve the full column specification for this data.
ℹ Specify the column types or set `show_col_types = FALSE` to quiet this message.

> my_immune
# A tibble: 9,126 × 4
   sample          probe                      value                        type 
   <chr>           <chr>                      <chr>                        <chr>
 1 TCGA-A5-A0GI-01 Subtype_Immune_Model_Based Wound Healing (Immune C1)    immu…
 2 TCGA-S9-A7J2-01 Subtype_Immune_Model_Based Immunologically Quiet (Immu… immu…
 3 TCGA-EK-A2RE-01 Subtype_Immune_Model_Based IFN-gamma Dominant (Immune … immu…
 4 TCGA-D5-5538-01 Subtype_Immune_Model_Based IFN-gamma Dominant (Immune … immu…
 5 TCGA-F4-6854-01 Subtype_Immune_Model_Based Wound Healing (Immune C1)    immu…
 6 TCGA-AX-A2H7-01 Subtype_Immune_Model_Based Wound Healing (Immune C1)    immu…
 7 TCGA-C8-A1HL-01 Subtype_Immune_Model_Based Wound Healing (Immune C1)    immu…
 8 TCGA-EW-A2FS-01 Subtype_Immune_Model_Based IFN-gamma Dominant (Immune … immu…
 9 TCGA-IR-A3L7-01 Subtype_Immune_Model_Based Wound Healing (Immune C1)    immu…
10 TCGA-05-4420-01 Subtype_Immune_Model_Based Wound Healing (Immune C1)    immu…
# … with 9,116 more rows

> tablemaker(my_immune, categorical = TRUE, suffix = FALSE)
<SQLiteConnection>
  Path: /scratch/Shiny/T2/tcga.db
  Extensions: TRUE
[1] "destination table tcgacati"
[1] "writing to sample index table (samples)"
# A tibble: 6 × 2
  key   sample         
  <lgl> <chr>          
1 NA    TCGA-A5-A0GI-01
2 NA    TCGA-S9-A7J2-01
3 NA    TCGA-EK-A2RE-01
4 NA    TCGA-D5-5538-01
5 NA    TCGA-F4-6854-01
6 NA    TCGA-AX-A2H7-01
[1] "UPROBE"
# A tibble: 1 × 2
  key   probe                     
  <lgl> <chr>                     
1 NA    Subtype_Immune_Model_Based
[1] "dbwrite probestmp"
[1] "probestmp"
[1] "probes"
[1] "sanity checking: length, unique, head"
[1] 1
[1] 1
[1] "Subtype_Immune_Model_Based"
[1] "intersection of tmp file with probes"
[1] 0
[1] "allprobes"
[1] "dbwrite allprobestmp"
  key     probe
1   1 100130426
2   2 100133144
3   3 100134869
4   4     10357
5   5     10431
[1] "DELETING TYPE immune_subtype from table tcgacati"
# A tibble: 12 × 1
   type           
   <chr>          
 1 rna            
 2 cnv            
 3 cnc            
 4 rppa           
 5 mut            
 6 viral          
 7 urna           
 8 pc_gene_program
 9 rabit          
10 hrd            
11 immune_score   
12 molec_subtype  
[1] "delete from tcgacati where type = \"immune_subtype\""
[1] "Dat"
# A tibble: 6 × 4
  sample          probe                      value                         type 
  <chr>           <chr>                      <chr>                         <chr>
1 TCGA-A5-A0GI-01 Subtype_Immune_Model_Based Wound Healing (Immune C1)     immu…
2 TCGA-S9-A7J2-01 Subtype_Immune_Model_Based Immunologically Quiet (Immun… immu…
3 TCGA-EK-A2RE-01 Subtype_Immune_Model_Based IFN-gamma Dominant (Immune C… immu…
4 TCGA-D5-5538-01 Subtype_Immune_Model_Based IFN-gamma Dominant (Immune C… immu…
5 TCGA-F4-6854-01 Subtype_Immune_Model_Based Wound Healing (Immune C1)     immu…
6 TCGA-AX-A2H7-01 Subtype_Immune_Model_Based Wound Healing (Immune C1)     immu…
[1] "transform dat probe to probe.type if suffix = TRUE"
# A tibble: 9,126 × 4
   sample          probe                      value                        type 
   <chr>           <chr>                      <chr>                        <chr>
 1 TCGA-A5-A0GI-01 Subtype_Immune_Model_Based Wound Healing (Immune C1)    immu…
 2 TCGA-S9-A7J2-01 Subtype_Immune_Model_Based Immunologically Quiet (Immu… immu…
 3 TCGA-EK-A2RE-01 Subtype_Immune_Model_Based IFN-gamma Dominant (Immune … immu…
 4 TCGA-D5-5538-01 Subtype_Immune_Model_Based IFN-gamma Dominant (Immune … immu…
 5 TCGA-F4-6854-01 Subtype_Immune_Model_Based Wound Healing (Immune C1)    immu…
 6 TCGA-AX-A2H7-01 Subtype_Immune_Model_Based Wound Healing (Immune C1)    immu…
 7 TCGA-C8-A1HL-01 Subtype_Immune_Model_Based Wound Healing (Immune C1)    immu…
 8 TCGA-EW-A2FS-01 Subtype_Immune_Model_Based IFN-gamma Dominant (Immune … immu…
 9 TCGA-IR-A3L7-01 Subtype_Immune_Model_Based Wound Healing (Immune C1)    immu…
10 TCGA-05-4420-01 Subtype_Immune_Model_Based Wound Healing (Immune C1)    immu…
# … with 9,116 more rows
[1] "write dat as tcga(cat)itmp on server"
[1] "tcgacatitmp"
[1] "there should be nothing below"
[1] sample probe  value  type  
<0 rows> (or 0-length row.names)
[1] "starting db write"
[1] "db write of temp table complete"
[1] "insert tmpdata into core tidy tables"
[1] "select samples.key as samplekey, probes.key as probekey,  value, type from tcgacatitmp left join samples on tcgacatitmp.sample = samples.sample left join probes on tcgacatitmp.probe = probes.probe "
[1] "insert into tcgacati select samples.key as samplekey, probes.key as probekey,  value, type from tcgacatitmp left join samples on tcgacatitmp.sample = samples.sample left join probes on tcgacatitmp.probe = probes.probe "
[1] 9126

> my_immune = NULL

> gc()
             used   (Mb) gc trigger    (Mb)   max used    (Mb)
Ncells    1442742   77.1    2505911   133.9    2505911   133.9
Vcells 1184312552 9035.6 3617436232 27598.9 4542603585 34657.4

> library(DBI)

> try(dbDisconnect(con))

> if (!mysql) {
+     db = "tcga.db"
+     if (sqldestroy) {
+         print("destroying old sql database")
+         try(system(paste("rm", db)), silent = TRUE)
+         system("touch tcga.db")
+     }
+     con = RSQLite::dbConnect(RSQLite::SQLite(), dbname = db, 
+         flags = RSQLite::SQLITE_RW)
+ } else {
+     if (!require("RMySQL")) {
+         install.packages("RMySQL")
+     }
+     library(RMySQL)
+     if (mysqldb == "dev") {
+         con = RMySQL::dbConnect(drv = RMySQL::MySQL(), dbname = "pancan2018dev", 
+             host = "pancan2018dev.cbe7mtbvwi2d.us-east-1.rds.amazonaws.com", 
+             port = 3306, username = "admin", password = "Adminuser19")
+     }
+     else {
+         con = RMySQL::dbConnect(drv = RMySQL::MySQL(), dbname = "pancan2018", 
+             host = "pancan2018.cbe7mtbvwi2d.us-east-1.rds.amazonaws.com", 
+             port = 3306, username = "admin", password = "Adminuser19")
+     }
+ }

> my_mutation = read_tsv("Data/mc3.v0.2.8.PUBLIC.xena.gz", 
+     trim_ws = TRUE)
Rows: 2907335 Columns: 12
── Column specification ────────────────────────────────────────────────────────
Delimiter: "\t"
chr (9): sample, chr, reference, alt, gene, effect, Amino_Acid_Change, SIFT,...
dbl (3): start, end, DNA_VAF

ℹ Use `spec()` to retrieve the full column specification for this data.
ℹ Specify the column types or set `show_col_types = FALSE` to quiet this message.

> my_mutation
# A tibble: 2,907,335 × 12
   sample      chr    start    end reference alt   gene  effect Amino_Acid_Chan…
   <chr>       <chr>  <dbl>  <dbl> <chr>     <chr> <chr> <chr>  <chr>           
 1 TCGA-02-00… 10    1.24e8 1.24e8 C         T     TACC2 Misse… p.T38M          
 2 TCGA-02-00… 10    1.34e8 1.34e8 C         T     JAKM… Silent p.D723D         
 3 TCGA-02-00… 11    1.24e8 1.24e8 G         A     PANX3 Misse… p.R296Q         
 4 TCGA-02-00… 11    4.74e7 4.74e7 G         T     SPI1  Misse… p.P127T         
 5 TCGA-02-00… 11    8.99e7 8.99e7 C         T     NAAL… Misse… p.R65C          
 6 TCGA-02-00… 11    9.26e7 9.26e7 G         A     FAT3  Silent p.P3444P        
 7 TCGA-02-00… 12    1.07e8 1.07e8 A         G     MTER… Misse… p.L213S         
 8 TCGA-02-00… 12    1.08e8 1.08e8 G         A     BTBD… Misse… p.E770K         
 9 TCGA-02-00… 12    1.18e8 1.18e8 C         A     NOS1  5'Fla… <NA>            
10 TCGA-02-00… 12    7.98e6 7.98e6 C         T     SLC2… Misse… p.R252Q         
# … with 2,907,325 more rows, and 3 more variables: DNA_VAF <dbl>, SIFT <chr>,
#   PolyPhen <chr>

> my_mutation$shortgene = with(my_mutation, paste0(gene, 
+     "_", Amino_Acid_Change))

> my_mutation$shortgene = gsub("\\*", "s", my_mutation$shortgene)

> my_mutation$longgene = with(my_mutation, paste0(gene, 
+     "_", Amino_Acid_Change, "_", effect))

> my_mutation$longgene = gsub("\\'", "p", my_mutation$longgene)

> my_mutation$longgene = gsub("\\*", "s", my_mutation$longgene)

> head(my_mutation$longgene)
[1] "TACC2_p.T38M_Missense_Mutation"   "JAKMIP3_p.D723D_Silent"          
[3] "PANX3_p.R296Q_Missense_Mutation"  "SPI1_p.P127T_Missense_Mutation"  
[5] "NAALAD2_p.R65C_Missense_Mutation" "FAT3_p.P3444P_Silent"            

> unique(my_mutation$effect)
 [1] "Missense_Mutation"      "Silent"                 "5'Flank"               
 [4] "3'UTR"                  "RNA"                    "In_Frame_Del"          
 [7] "Nonsense_Mutation"      "Splice_Site"            "Intron"                
[10] "5'UTR"                  "In_Frame_Ins"           "Frame_Shift_Del"       
[13] "Nonstop_Mutation"       "3'Flank"                "Frame_Shift_Ins"       
[16] "Translation_Start_Site" "large deletion"        

> dbWriteTable(con, "mutation", my_mutation, overwrite = TRUE, 
+     row.names = FALSE)

> try(dbRemoveTable(con, "mutationsamples"), silent = TRUE)

> dbExecute(con, "create table mutationsamples as select distinct sample from mutation")
[1] 0

> dbGetQuery(con, "select * from mutationsamples limit 10")
            sample
1  TCGA-02-0003-01
2  TCGA-02-0033-01
3  TCGA-02-0047-01
4  TCGA-02-0055-01
5  TCGA-02-2470-01
6  TCGA-02-2483-01
7  TCGA-02-2485-01
8  TCGA-02-2486-01
9  TCGA-04-1353-01
10 TCGA-04-1369-01

> dim(dbGetQuery(con, "select * from mutationsamples"))
[1] 9104    1

> my_fmut = my_mutation %>% select(sample, probe = gene, 
+     value = longgene) %>% mutate(type = "fmut")

> my_fmut
# A tibble: 2,907,335 × 4
   sample          probe   value                             type 
   <chr>           <chr>   <chr>                             <chr>
 1 TCGA-02-0003-01 TACC2   TACC2_p.T38M_Missense_Mutation    fmut 
 2 TCGA-02-0003-01 JAKMIP3 JAKMIP3_p.D723D_Silent            fmut 
 3 TCGA-02-0003-01 PANX3   PANX3_p.R296Q_Missense_Mutation   fmut 
 4 TCGA-02-0003-01 SPI1    SPI1_p.P127T_Missense_Mutation    fmut 
 5 TCGA-02-0003-01 NAALAD2 NAALAD2_p.R65C_Missense_Mutation  fmut 
 6 TCGA-02-0003-01 FAT3    FAT3_p.P3444P_Silent              fmut 
 7 TCGA-02-0003-01 MTERFD3 MTERFD3_p.L213S_Missense_Mutation fmut 
 8 TCGA-02-0003-01 BTBD11  BTBD11_p.E770K_Missense_Mutation  fmut 
 9 TCGA-02-0003-01 NOS1    NOS1_NA_5pFlank                   fmut 
10 TCGA-02-0003-01 SLC2A14 SLC2A14_p.R252Q_Missense_Mutation fmut 
# … with 2,907,325 more rows

> tablemaker(my_fmut, categorical = TRUE)
<SQLiteConnection>
  Path: /scratch/Shiny/T2/tcga.db
  Extensions: TRUE
[1] "destination table tcgacati"
[1] "writing to sample index table (samples)"
# A tibble: 6 × 2
  key   sample         
  <lgl> <chr>          
1 NA    TCGA-02-0003-01
2 NA    TCGA-02-0033-01
3 NA    TCGA-02-0047-01
4 NA    TCGA-02-0055-01
5 NA    TCGA-02-2470-01
6 NA    TCGA-02-2483-01
[1] "UPROBE"
# A tibble: 6 × 2
  key   probe       
  <lgl> <chr>       
1 NA    TACC2.fmut  
2 NA    JAKMIP3.fmut
3 NA    PANX3.fmut  
4 NA    SPI1.fmut   
5 NA    NAALAD2.fmut
6 NA    FAT3.fmut   
[1] "dbwrite probestmp"
[1] "probestmp"
[1] "probes"
[1] "sanity checking: length, unique, head"
[1] 21273
[1] 21273
[1] "TACC2.fmut"   "JAKMIP3.fmut" "PANX3.fmut"   "SPI1.fmut"    "NAALAD2.fmut"
[6] "FAT3.fmut"   
[1] "intersection of tmp file with probes"
[1] 0
[1] "allprobes"
[1] "dbwrite allprobestmp"
  key     probe
1   1 100130426
2   2 100133144
3   3 100134869
4   4     10357
5   5     10431
[1] "DELETING TYPE fmut from table tcgacati"
# A tibble: 13 × 1
   type           
   <chr>          
 1 rna            
 2 cnv            
 3 cnc            
 4 rppa           
 5 mut            
 6 viral          
 7 urna           
 8 pc_gene_program
 9 rabit          
10 hrd            
11 immune_score   
12 molec_subtype  
13 immune_subtype 
[1] "delete from tcgacati where type = \"fmut\""
[1] "Dat"
# A tibble: 6 × 4
  sample          probe   value                            type 
  <chr>           <chr>   <chr>                            <chr>
1 TCGA-02-0003-01 TACC2   TACC2_p.T38M_Missense_Mutation   fmut 
2 TCGA-02-0003-01 JAKMIP3 JAKMIP3_p.D723D_Silent           fmut 
3 TCGA-02-0003-01 PANX3   PANX3_p.R296Q_Missense_Mutation  fmut 
4 TCGA-02-0003-01 SPI1    SPI1_p.P127T_Missense_Mutation   fmut 
5 TCGA-02-0003-01 NAALAD2 NAALAD2_p.R65C_Missense_Mutation fmut 
6 TCGA-02-0003-01 FAT3    FAT3_p.P3444P_Silent             fmut 
[1] "transform dat probe to probe.type if suffix = TRUE"
# A tibble: 2,907,335 × 4
   sample          probe        value                             type 
   <chr>           <chr>        <chr>                             <chr>
 1 TCGA-02-0003-01 TACC2.fmut   TACC2_p.T38M_Missense_Mutation    fmut 
 2 TCGA-02-0003-01 JAKMIP3.fmut JAKMIP3_p.D723D_Silent            fmut 
 3 TCGA-02-0003-01 PANX3.fmut   PANX3_p.R296Q_Missense_Mutation   fmut 
 4 TCGA-02-0003-01 SPI1.fmut    SPI1_p.P127T_Missense_Mutation    fmut 
 5 TCGA-02-0003-01 NAALAD2.fmut NAALAD2_p.R65C_Missense_Mutation  fmut 
 6 TCGA-02-0003-01 FAT3.fmut    FAT3_p.P3444P_Silent              fmut 
 7 TCGA-02-0003-01 MTERFD3.fmut MTERFD3_p.L213S_Missense_Mutation fmut 
 8 TCGA-02-0003-01 BTBD11.fmut  BTBD11_p.E770K_Missense_Mutation  fmut 
 9 TCGA-02-0003-01 NOS1.fmut    NOS1_NA_5pFlank                   fmut 
10 TCGA-02-0003-01 SLC2A14.fmut SLC2A14_p.R252Q_Missense_Mutation fmut 
# … with 2,907,325 more rows
[1] "write dat as tcga(cat)itmp on server"
[1] "tcgacatitmp"
[1] "there should be nothing below"
[1] sample probe  value  type  
<0 rows> (or 0-length row.names)
[1] "starting db write"
[1] "db write of temp table complete"
[1] "insert tmpdata into core tidy tables"
[1] "select samples.key as samplekey, probes.key as probekey,  value, type from tcgacatitmp left join samples on tcgacatitmp.sample = samples.sample left join probes on tcgacatitmp.probe = probes.probe "
[1] "insert into tcgacati select samples.key as samplekey, probes.key as probekey,  value, type from tcgacatitmp left join samples on tcgacatitmp.sample = samples.sample left join probes on tcgacatitmp.probe = probes.probe "
[1] 2907335

> my_fmut = NULL

> gc()
             used   (Mb) gc trigger    (Mb)   max used    (Mb)
Ncells    6282215  335.6   11544788   616.6    7454721   398.2
Vcells 1245985116 9506.2 3617436232 27598.9 4542603585 34657.4

> samples = dbGetQuery(con, "select * from mutationsamples")

> mutationtested = data.frame(sample = samples$sample, 
+     probe = "muttest", value = 1, type = "muttest", stringsAsFactors = FALSE)

> tablemaker(mutationtested)
<SQLiteConnection>
  Path: /scratch/Shiny/T2/tcga.db
  Extensions: TRUE
[1] "destination table tcgai"
[1] "writing to sample index table (samples)"
  key          sample
1  NA TCGA-02-0003-01
2  NA TCGA-02-0033-01
3  NA TCGA-02-0047-01
4  NA TCGA-02-0055-01
5  NA TCGA-02-2470-01
6  NA TCGA-02-2483-01
[1] "UPROBE"
  key           probe
1  NA muttest.muttest
[1] "dbwrite probestmp"
[1] "probestmp"
[1] "probes"
[1] "sanity checking: length, unique, head"
[1] 1
[1] 1
[1] "muttest.muttest"
[1] "intersection of tmp file with probes"
[1] 0
[1] "allprobes"
[1] "dbwrite allprobestmp"
  key     probe
1   1 100130426
2   2 100133144
3   3 100134869
4   4     10357
5   5     10431
[1] "DELETING TYPE muttest from table tcgai"
# A tibble: 14 × 1
   type           
   <chr>          
 1 rna            
 2 cnv            
 3 cnc            
 4 rppa           
 5 mut            
 6 viral          
 7 urna           
 8 pc_gene_program
 9 rabit          
10 hrd            
11 immune_score   
12 molec_subtype  
13 immune_subtype 
14 fmut           
[1] "delete from tcgai where type = \"muttest\""
[1] "Dat"
           sample   probe value    type
1 TCGA-02-0003-01 muttest     1 muttest
2 TCGA-02-0033-01 muttest     1 muttest
3 TCGA-02-0047-01 muttest     1 muttest
4 TCGA-02-0055-01 muttest     1 muttest
5 TCGA-02-2470-01 muttest     1 muttest
6 TCGA-02-2483-01 muttest     1 muttest
[1] "transform dat probe to probe.type if suffix = TRUE"
# A tibble: 9,104 × 4
   sample          probe           value type   
   <chr>           <chr>           <dbl> <chr>  
 1 TCGA-02-0003-01 muttest.muttest     1 muttest
 2 TCGA-02-0033-01 muttest.muttest     1 muttest
 3 TCGA-02-0047-01 muttest.muttest     1 muttest
 4 TCGA-02-0055-01 muttest.muttest     1 muttest
 5 TCGA-02-2470-01 muttest.muttest     1 muttest
 6 TCGA-02-2483-01 muttest.muttest     1 muttest
 7 TCGA-02-2485-01 muttest.muttest     1 muttest
 8 TCGA-02-2486-01 muttest.muttest     1 muttest
 9 TCGA-04-1353-01 muttest.muttest     1 muttest
10 TCGA-04-1369-01 muttest.muttest     1 muttest
# … with 9,094 more rows
[1] "write dat as tcga(cat)itmp on server"
[1] "tcgaitmp"
[1] "there should be nothing below"
[1] sample probe  value  type  
<0 rows> (or 0-length row.names)
[1] "starting db write"
[1] "db write of temp table complete"
[1] "insert tmpdata into core tidy tables"
[1] "select samples.key as samplekey, probes.key as probekey,  value, type from tcgaitmp left join samples on tcgaitmp.sample = samples.sample left join probes on tcgaitmp.probe = probes.probe "
[1] "insert into tcgai select samples.key as samplekey, probes.key as probekey,  value, type from tcgaitmp left join samples on tcgaitmp.sample = samples.sample left join probes on tcgaitmp.probe = probes.probe "
[1] 9104

> if (mysql) {
+     try(dbExecute(con, "drop index mutidx on mutation"), silent = TRUE)
+     try(dbExecute(con, "drop index mutationsamplesidx on mutationsamples"), 
+         silent = TRUE)
+     dbExecute(con, "alter table mutation modify gene varchar(35)")
+     dbExecute(con, "alter table mutationsamples modify sample varchar(35)")
+ } else {
+     dbExecute(con, "drop index if exists mutidx")
+     dbExecute(con, "drop index if exists mutationsamplesidx")
+ }
[1] 0

> dbExecute(con, "create index mutidx on mutation (gene)")
[1] 0

> dbExecute(con, "create index mutationsamplesidx on mutationsamples(sample)")
[1] 0

> library(DBI)

> try(dbDisconnect(con))

> if (!mysql) {
+     db = "tcga.db"
+     if (sqldestroy) {
+         print("destroying old sql database")
+         try(system(paste("rm", db)), silent = TRUE)
+         system("touch tcga.db")
+     }
+     con = RSQLite::dbConnect(RSQLite::SQLite(), dbname = db, 
+         flags = RSQLite::SQLITE_RW)
+ } else {
+     if (!require("RMySQL")) {
+         install.packages("RMySQL")
+     }
+     library(RMySQL)
+     if (mysqldb == "dev") {
+         con = RMySQL::dbConnect(drv = RMySQL::MySQL(), dbname = "pancan2018dev", 
+             host = "pancan2018dev.cbe7mtbvwi2d.us-east-1.rds.amazonaws.com", 
+             port = 3306, username = "admin", password = "Adminuser19")
+     }
+     else {
+         con = RMySQL::dbConnect(drv = RMySQL::MySQL(), dbname = "pancan2018", 
+             host = "pancan2018.cbe7mtbvwi2d.us-east-1.rds.amazonaws.com", 
+             port = 3306, username = "admin", password = "Adminuser19")
+     }
+ }

> my_cnv = read_tsv("Data/broad.mit.edu_PANCAN_Genome_Wide_SNP_6_whitelisted.xena.gz", 
+     trim_ws = TRUE, n_max = my.limit)
Rows: 1790483 Columns: 5
── Column specification ────────────────────────────────────────────────────────
Delimiter: "\t"
chr (1): sampleID
dbl (4): chr, start, end, value

ℹ Use `spec()` to retrieve the full column specification for this data.
ℹ Specify the column types or set `show_col_types = FALSE` to quiet this message.

> my_cnv
# A tibble: 1,790,483 × 5
   sampleID          chr    start      end   value
   <chr>           <dbl>    <dbl>    <dbl>   <dbl>
 1 TCGA-OR-A5J1-01     1  3218610  8644007  0.0315
 2 TCGA-OR-A5J1-01     1  8651625  9140078  0.530 
 3 TCGA-OR-A5J1-01     1  9141312 27635317  0.0304
 4 TCGA-OR-A5J1-01     1 27641395 27671925  0.840 
 5 TCGA-OR-A5J1-01     1 27679692 27923798  0.507 
 6 TCGA-OR-A5J1-01     1 27931698 31412953  0.0279
 7 TCGA-OR-A5J1-01     1 31416009 31418310 -1.59  
 8 TCGA-OR-A5J1-01     1 31419887 36660813  0.035 
 9 TCGA-OR-A5J1-01     1 36669903 36698770  0.534 
10 TCGA-OR-A5J1-01     1 36704891 53929719  0.0144
# … with 1,790,473 more rows

> dbWriteTable(con, "cnv", my_cnv, overwrite = TRUE, 
+     row.names = FALSE)

> my_cnv = NULL

> gc()
             used   (Mb) gc trigger    (Mb)   max used    (Mb)
Ncells    6282091  335.5   11544788   616.6    7454721   398.2
Vcells 1246021803 9506.4 3617436232 27598.9 4542603585 34657.4

> library(DBI)

> try(dbDisconnect(con))

> if (!mysql) {
+     db = "tcga.db"
+     if (sqldestroy) {
+         print("destroying old sql database")
+         try(system(paste("rm", db)), silent = TRUE)
+         system("touch tcga.db")
+     }
+     con = RSQLite::dbConnect(RSQLite::SQLite(), dbname = db, 
+         flags = RSQLite::SQLITE_RW)
+ } else {
+     if (!require("RMySQL")) {
+         install.packages("RMySQL")
+     }
+     library(RMySQL)
+     if (mysqldb == "dev") {
+         con = RMySQL::dbConnect(drv = RMySQL::MySQL(), dbname = "pancan2018dev", 
+             host = "pancan2018dev.cbe7mtbvwi2d.us-east-1.rds.amazonaws.com", 
+             port = 3306, username = "admin", password = "Adminuser19")
+     }
+     else {
+         con = RMySQL::dbConnect(drv = RMySQL::MySQL(), dbname = "pancan2018", 
+             host = "pancan2018.cbe7mtbvwi2d.us-east-1.rds.amazonaws.com", 
+             port = 3306, username = "admin", password = "Adminuser19")
+     }
+ }

> phenos = dbGetQuery(con, "\nselect samples.sample, probes.probe, tcgacati.value from tcgacati, probes, samples\nwhere tcgacati.probekey = probes.key\nand tcgacati.samplekey = samples.key\nand tcgacati.type <> \"fmut\"\n")

> str(phenos)
'data.frame':	70998 obs. of  3 variables:
 $ sample: chr  "TCGA-OR-A5J1-01" "TCGA-OR-A5J2-01" "TCGA-OR-A5J3-01" "TCGA-OR-A5J4-01" ...
 $ probe : chr  "Subtype_mRNA" "Subtype_mRNA" "Subtype_mRNA" "Subtype_mRNA" ...
 $ value : chr  "steroid-phenotype-high+proliferation" "steroid-phenotype-high+proliferation" "steroid-phenotype-high" NA ...

> tail(phenos)
               sample                      probe
70993 TCGA-61-1907-01 Subtype_Immune_Model_Based
70994 TCGA-IB-7885-01 Subtype_Immune_Model_Based
70995 TCGA-B6-A0IA-01 Subtype_Immune_Model_Based
70996 TCGA-VQ-AA6F-01 Subtype_Immune_Model_Based
70997 TCGA-BR-8588-01 Subtype_Immune_Model_Based
70998 TCGA-DD-A115-01 Subtype_Immune_Model_Based
                                value
70993  IFN-gamma Dominant (Immune C2)
70994       Wound Healing (Immune C1)
70995 Lymphocyte Depleted (Immune C4)
70996  IFN-gamma Dominant (Immune C2)
70997  IFN-gamma Dominant (Immune C2)
70998        Inflammatory (Immune C3)

> table(phenos$value)

                                                    - 
                                                  167 
                                                 #N/A 
                                                    5 
                                                    1 
                                                 1864 
                                                1-ERG 
                                                  152 
                                                    2 
                                                 1983 
                                               2-ETV1 
                                                   28 
                                                  22q 
                                                   58 
                                                    3 
                                                 1622 
                                               3-ETV4 
                                                   14 
                                                    4 
                                                 1164 
                                               4-FLI1 
                                                    4 
                                                    5 
                                                  425 
                                               5-SPOP 
                                                   37 
                                                    6 
                                                  209 
                                              6-FOXA1 
                                                    9 
                                                    7 
                                                   20 
                                               7-IDH1 
                                                    3 
                                              8-other 
                                                   86 
                                        ACC.CIMP-high 
                                                   20 
                                ACC.CIMP-intermediate 
                                                   27 
                                         ACC.CIMP-low 
                                                   32 
                                               ACC.NA 
                                                   12 
                                                AML.1 
                                                   14 
                                                AML.2 
                                                   21 
                                                AML.3 
                                                   18 
                                                AML.4 
                                                   37 
                                                AML.5 
                                                   33 
                                                AML.6 
                                                   35 
                                                AML.7 
                                                   20 
                                               AML.NA 
                                                    9 
                                             Atypical 
                                                   68 
                                                basal 
                                                   43 
                                                Basal 
                                                  280 
                                               BLCA.1 
                                                   41 
                                               BLCA.2 
                                                   42 
                                               BLCA.3 
                                                   31 
                                               BLCA.4 
                                                   15 
                                 BRAF_Hotspot_Mutants 
                                                  150 
                                           BRCA.Basal 
                                                  193 
                                            BRCA.Her2 
                                                   82 
                                            BRCA.LumA 
                                                  581 
                                            BRCA.LumB 
                                                  219 
                                          BRCA.Normal 
                                                  143 
                                                   C1 
                                                   95 
                                                  C1A 
                                                   43 
                                                  C1B 
                                                   35 
                                                  C2a 
                                                   35 
                                                  C2b 
                                                   22 
                                           C2c - CIMP 
                                                    9 
                                          Chromosomal 
                                                   54 
                                                 CIMP 
                                                    9 
                                            CIMP-high 
                                                   20 
                                    CIMP-intermediate 
                                                   27 
                                             CIMP-low 
                                                   32 
                                                  CIN 
                                                  625 
                                         Classic-like 
                                                  148 
                                            classical 
                                                   65 
                                            Classical 
                                                   49 
                                          classical 1 
                                                   40 
                                          classical 2 
                                                  310 
                                      Classical/usual 
                                                  324 
                                              CN high 
                                                   60 
                                               CN low 
                                                   90 
                    CN_1:Genome Unstable, p16 deleted 
                                                   24 
                 CN_2:Arm level Alterations,chr7 gain 
                                                   97 
CN_3:Genome Stable, sporadic SCNAs, few p16 deletions 
                                                   40 
                                                 COC1 
                                                   33 
                                                 COC2 
                                                   19 
                                                 COC3 
                                                   24 
                                                Codel 
                                                  174 
                                   Cortical admixture 
                                                   22 
                          CpG island hyper-methylated 
                                                   47 
                                CpG island methylated 
                                                   32 
                                CpG island-methylated 
                                                   85 
                                       Differentiated 
                                                  135 
                                   DNA_meth_cluster:1 
                                                   30 
                                   DNA_meth_cluster:2 
                                                  122 
                                                  EBV 
                                                   30 
                                              Eosin.0 
                                                   47 
                                              Eosin.1 
                                                   19 
                                                 ESCC 
                                                   90 
                                           follicular 
                                                  114 
             Follicular (>= 99% follicular patterned) 
                                                   99 
                                          G-CIMP-high 
                                                  249 
                                           G-CIMP-low 
                                                   25 
                                 GBM_LGG.Classic-like 
                                                  148 
                                        GBM_LGG.Codel 
                                                  174 
                                  GBM_LGG.G-CIMP-high 
                                                  249 
                                   GBM_LGG.G-CIMP-low 
                                                   25 
                                     GBM_LGG.LGm6-GBM 
                                                   41 
                             GBM_LGG.Mesenchymal-like 
                                                  215 
                                           GBM_LGG.NA 
                                                  244 
                                      GBM_LGG.PA-like 
                                                   26 
                                               GI.CIN 
                                                  625 
                                               GI.EBV 
                                                   30 
                                              GI.ESCC 
                                                   90 
                                                GI.GS 
                                                  109 
                                          GI.HM-indel 
                                                  138 
                                            GI.HM-SNV 
                                                   19 
                                                   GS 
                                                  109 
                                                 Her2 
                                                   82 
                                                 high 
                                                   37 
                                             HM-indel 
                                                  138 
                                               HM-SNV 
                                                   19 
                                        HNSC.Atypical 
                                                   68 
                                           HNSC.Basal 
                                                   87 
                                       HNSC.Classical 
                                                   49 
                                     HNSC.Mesenchymal 
                                                   75 
                                     hyper-methylated 
                                                  234 
                                      hypo-methylated 
                                                  120 
                                           iCluster:1 
                                                   65 
                                           iCluster:2 
                                                   55 
                                           iCluster:3 
                                                   63 
                       IFN-gamma Dominant (Immune C2) 
                                                 2591 
                                               immune 
                                                  168 
                    Immunologically Quiet (Immune C5) 
                                                  385 
                                       Immunoreactive 
                                                  107 
                                        Indeterminant 
                                                    3 
                             Inflammatory (Immune C3) 
                                                 2397 
                                         intermediate 
                                                  111 
                                                   K1 
                                                  240 
                                                   K2 
                                                  233 
                                              keratin 
                                                  102 
                                         KICH.Eosin.0 
                                                   47 
                                         KICH.Eosin.1 
                                                   19 
                                     Kinase signaling 
                                                   68 
                                               KIRC.1 
                                                  147 
                                               KIRC.2 
                                                   90 
                                               KIRC.3 
                                                   94 
                                               KIRC.4 
                                                   86 
                                              KIRC.NA 
                                                   25 
                                              KIRP.C1 
                                                   95 
                                             KIRP.C2a 
                                                   35 
                                             KIRP.C2b 
                                                   22 
                                      KIRP.C2c - CIMP 
                                                    9 
                                                 LGm1 
                                                   63 
                                                 LGm2 
                                                  264 
                                                 LGm3 
                                                  127 
                                                 LGm4 
                                                  151 
                                                 LGm5 
                                                  250 
                                                 LGm6 
                                                   77 
                                             LGm6-GBM 
                                                   41 
                                                 LGr1 
                                                  201 
                                                 LGr2 
                                                   97 
                                                 LGr3 
                                                  265 
                                                 LGr4 
                                                  476 
                                      LIHC.iCluster:1 
                                                   65 
                                      LIHC.iCluster:2 
                                                   55 
                                      LIHC.iCluster:3 
                                                   63 
                                              LIHC.NA 
                                                   13 
                                                  low 
                                                   74 
                                       low-methylated 
                                                  103 
                                               LUAD.1 
                                                   22 
                                               LUAD.2 
                                                   32 
                                               LUAD.3 
                                                   51 
                                               LUAD.4 
                                                   32 
                                               LUAD.5 
                                                   52 
                                               LUAD.6 
                                                   41 
                                                 LumA 
                                                  581 
                                                 LumB 
                                                  219 
                                           LUSC.basal 
                                                   43 
                                       LUSC.classical 
                                                   65 
                                       LUSC.primitive 
                                                   27 
                                       LUSC.secretory 
                                                   43 
                      Lymphocyte Depleted (Immune C4) 
                                                 1157 
                                            Many SCNA 
                                                   17 
                                          Mesenchymal 
                                                  184 
                                     Mesenchymal-like 
                                                  215 
                                           MIR.type.1 
                                                   82 
                                           MIR.type.2 
                                                   85 
                                           MIR.type.3 
                                                   81 
                                           MIR.type.4 
                                                   72 
                                      miRNA cluster:1 
                                                   87 
                                      miRNA cluster:2 
                                                   16 
                                      miRNA cluster:3 
                                                   28 
                                      miRNA cluster:4 
                                                   30 
                                              miRNA_1 
                                                   20 
                                              miRNA_2 
                                                    8 
                                              miRNA_3 
                                                    5 
                                              miRNA_4 
                                                   10 
                                              miRNA_5 
                                                   16 
                                              miRNA_6 
                                                   20 
                                             MITF-low 
                                                   59 
                                            More_SCNA 
                                                  108 
                                       mRNA.Cluster 1 
                                                   77 
                                       mRNA.Cluster 2 
                                                   61 
                                       mRNA.Cluster 3 
                                                   23 
                                                  MSI 
                                                   65 
                                                MSI-H 
                                                  127 
                                                MSI-L 
                                                   20 
                                                  MSS 
                                                  223 
                                      NF1_Any_Mutants 
                                                   28 
                                                Noisy 
                                                   27 
                                               Normal 
                                                  143 
                                          normal-like 
                                                  155 
                                          Notassigned 
                                                  141 
                                       Other  specify 
                                                    9 
                                  OVCA.Differentiated 
                                                  135 
                                  OVCA.Immunoreactive 
                                                  107 
                                     OVCA.Mesenchymal 
                                                  109 
                                   OVCA.Proliferative 
                                                  138 
                                              PA-like 
                                                   26 
                                          Paradigm:C1 
                                                   44 
                                          Paradigm:C2 
                                                   42 
                                          Paradigm:C3 
                                                   52 
                                          Paradigm:C4 
                                                   49 
                                          Paradigma.1 
                                                   63 
                                          Paradigma.2 
                                                   75 
                                          Paradigma.4 
                                                   79 
                                          Paradigma.5 
                                                   54 
                                         Paradigma.NA 
                                                    8 
                              PCPG.Cortical admixture 
                                                   22 
                                PCPG.Kinase signaling 
                                                   68 
                                              PCPG.NA 
                                                    5 
                                   PCPG.Pseudohypoxia 
                                                   61 
                                     PCPG.Wnt-altered 
                                                   22 
                                                 POLE 
                                                   17 
                                           PRAD.1-ERG 
                                                  152 
                                          PRAD.2-ETV1 
                                                   28 
                                          PRAD.3-ETV4 
                                                   14 
                                          PRAD.4-FLI1 
                                                    4 
                                          PRAD.5-SPOP 
                                                   37 
                                         PRAD.6-FOXA1 
                                                    9 
                                          PRAD.7-IDH1 
                                                    3 
                                         PRAD.8-other 
                                                   86 
                                            primitive 
                                                   27 
                                        Proliferative 
                                                  138 
                                          PROT.type.1 
                                                   63 
                                          PROT.type.2 
                                                   62 
                                          PROT.type.3 
                                                   60 
                                          PROT.type.4 
                                                   15 
                                        Pseudohypoxia 
                                                   61 
                                                Quiet 
                                                  405 
                                  RAS_Hotspot_Mutants 
                                                   92 
                                       RPPA cluster 1 
                                                   20 
                                       RPPA cluster 2 
                                                   41 
                                       RPPA cluster 3 
                                                   64 
                                            secretory 
                                                   43 
                                               SKCM.- 
                                                   17 
                            SKCM.BRAF_Hotspot_Mutants 
                                                  150 
                                 SKCM.NF1_Any_Mutants 
                                                   28 
                             SKCM.RAS_Hotspot_Mutants 
                                                   92 
                                       SKCM.Triple_WT 
                                                   46 
                                            Some_SCNA 
                                                  167 
                                             SomeSCNA 
                                                   80 
                               steroid-phenotype-high 
                                                   25 
                 steroid-phenotype-high+proliferation 
                                                   22 
                                steroid-phenotype-low 
                                                   27 
                  steroid-phenotype-low+proliferation 
                                                    4 
                Tall Cell (>= 50% tall cell features) 
                                                   35 
                        TGF-beta Dominant (Immune C6) 
                                                  180 
                                               THCA.1 
                                                  134 
                                               THCA.2 
                                                   67 
                                               THCA.3 
                                                   82 
                                               THCA.4 
                                                  106 
                                               THCA.5 
                                                   93 
                                              THCA.NA 
                                                   14 
                                            Triple_WT 
                                                   46 
                                         UCEC.CN_HIGH 
                                                  160 
                                          UCEC.CN_LOW 
                                                  144 
                                             UCEC.MSI 
                                                  124 
                                              UCEC.NA 
                                                   31 
                                            UCEC.POLE 
                                                   79 
                                                UCS.1 
                                                   17 
                                                UCS.2 
                                                   40 
                                         unclassified 
                                                    6 
                                          Wnt-altered 
                                                   22 
                            Wound Healing (Immune C1) 
                                                 2416 

> table(phenos$Subtype_Selected)
< table of extent 0 >

> phenos = phenos %>% distinct(sample, probe, .keep_all = TRUE) %>% 
+     spread(probe, value)

> unique(phenos$"_primary_disease")
NULL

> tail(phenos)
               sample Subtype_CNA Subtype_DNAmeth
10464 TCGA-ZS-A9CD-01        <NA>            <NA>
10465 TCGA-ZS-A9CE-01        <NA>            <NA>
10466 TCGA-ZS-A9CF-01        <NA>            <NA>
10467 TCGA-ZS-A9CG-01        <NA>            <NA>
10468 TCGA-ZU-A8S4-01        <NA>            <NA>
10469 TCGA-ZX-AA5X-01        <NA>            <NA>
           Subtype_Immune_Model_Based Subtype_Integrative Subtype_miRNA
10464        Inflammatory (Immune C3)                <NA>          <NA>
10465 Lymphocyte Depleted (Immune C4)                <NA>          <NA>
10466 Lymphocyte Depleted (Immune C4)                <NA>          <NA>
10467        Inflammatory (Immune C3)                <NA>          <NA>
10468       Wound Healing (Immune C1)                <NA>          <NA>
10469  IFN-gamma Dominant (Immune C2)                <NA>          <NA>
      Subtype_mRNA Subtype_other Subtype_protein Subtype_Selected
10464         <NA>          <NA>            <NA>             <NA>
10465         <NA>          <NA>            <NA>             <NA>
10466         <NA>          <NA>            <NA>             <NA>
10467         <NA>          <NA>            <NA>             <NA>
10468         <NA>          <NA>            <NA>             <NA>
10469         <NA>          <NA>            <NA>             <NA>

> which(duplicated(phenos$sample))
integer(0)

> dbWriteTable(con, "tmptable", phenos, overwrite = TRUE, 
+     row.names = FALSE)

> clinpheno_intermediate = dbGetQuery(con, "\nselect * from clin\nleft join tmptable\non clin.sample = tmptable.sample\n")

> print(table(clinpheno_intermediate$Subtype_Selected))

            ACC.CIMP-high     ACC.CIMP-intermediate              ACC.CIMP-low 
                       20                        27                        32 
                   ACC.NA                     AML.1                     AML.2 
                       12                        14                        21 
                    AML.3                     AML.4                     AML.5 
                       18                        37                        33 
                    AML.6                     AML.7                    AML.NA 
                       35                        20                         9 
                   BLCA.1                    BLCA.2                    BLCA.3 
                       41                        42                        31 
                   BLCA.4                BRCA.Basal                 BRCA.Her2 
                       15                       193                        82 
                BRCA.LumA                 BRCA.LumB               BRCA.Normal 
                      581                       219                       143 
     GBM_LGG.Classic-like             GBM_LGG.Codel       GBM_LGG.G-CIMP-high 
                      148                       174                       249 
       GBM_LGG.G-CIMP-low          GBM_LGG.LGm6-GBM  GBM_LGG.Mesenchymal-like 
                       25                        41                       215 
               GBM_LGG.NA           GBM_LGG.PA-like                    GI.CIN 
                      232                        26                       625 
                   GI.EBV                   GI.ESCC                     GI.GS 
                       30                        90                       109 
              GI.HM-indel                 GI.HM-SNV             HNSC.Atypical 
                      138                        19                        68 
               HNSC.Basal            HNSC.Classical          HNSC.Mesenchymal 
                       87                        49                        75 
             KICH.Eosin.0              KICH.Eosin.1                    KIRC.1 
                       47                        19                       147 
                   KIRC.2                    KIRC.3                    KIRC.4 
                       90                        94                        86 
                  KIRC.NA                   KIRP.C1                  KIRP.C2a 
                       25                        95                        35 
                 KIRP.C2b           KIRP.C2c - CIMP           LIHC.iCluster:1 
                       22                         9                        65 
          LIHC.iCluster:2           LIHC.iCluster:3                   LIHC.NA 
                       55                        63                        13 
                   LUAD.1                    LUAD.2                    LUAD.3 
                       22                        32                        51 
                   LUAD.4                    LUAD.5                    LUAD.6 
                       32                        52                        41 
               LUSC.basal            LUSC.classical            LUSC.primitive 
                       43                        65                        27 
           LUSC.secretory       OVCA.Differentiated       OVCA.Immunoreactive 
                       43                       135                       107 
         OVCA.Mesenchymal        OVCA.Proliferative   PCPG.Cortical admixture 
                      109                       138                        22 
    PCPG.Kinase signaling                   PCPG.NA        PCPG.Pseudohypoxia 
                       68                         5                        61 
         PCPG.Wnt-altered                PRAD.1-ERG               PRAD.2-ETV1 
                       22                       152                        28 
              PRAD.3-ETV4               PRAD.4-FLI1               PRAD.5-SPOP 
                       14                         4                        37 
             PRAD.6-FOXA1               PRAD.7-IDH1              PRAD.8-other 
                        9                         3                        86 
                   SKCM.- SKCM.BRAF_Hotspot_Mutants      SKCM.NF1_Any_Mutants 
                       17                       150                        28 
 SKCM.RAS_Hotspot_Mutants            SKCM.Triple_WT                    THCA.1 
                       92                        46                       134 
                   THCA.2                    THCA.3                    THCA.4 
                       67                        82                       106 
                   THCA.5                   THCA.NA              UCEC.CN_HIGH 
                       93                        14                       160 
              UCEC.CN_LOW                  UCEC.MSI                   UCEC.NA 
                      144                       124                        31 
                UCEC.POLE                     UCS.1                     UCS.2 
                       79                        17                        40 

> clinpheno_intermediate = clinpheno_intermediate[, 
+     !duplicated(colnames(clinpheno_intermediate))]

> clinpheno_intermediate[is.na(clinpheno_intermediate$Subtype_Selected), 
+     "Subtype_Selected"] = paste(clinpheno_intermediate[is.na(clinpheno_intermediate$Subtype_Selected), 
+     "tumtype"], "NA", sep = ".")

> clinpheno_intermediate[is.na(clinpheno_intermediate$Subtype_CNA), 
+     "Subtype_CNA"] = paste(clinpheno_intermediate[is.na(clinpheno_intermediate$Subtype_CNA), 
+     "tumtype"], "NA", sep = ".")

> clinpheno_intermediate[is.na(clinpheno_intermediate$Subtype_DNAmeth), 
+     "Subtype_DNAmeth"] = paste(clinpheno_intermediate[is.na(clinpheno_intermediate$Subtype_DNAmeth), 
+     "tumtype"], "NA", sep = ".")

> clinpheno_intermediate[is.na(clinpheno_intermediate$Subtype_Immune_Model_Based), 
+     "Subtype_Immune_Model_Based"] = paste(clinpheno_intermediate[is.na(clinpheno_intermediate$Subtype_Immune_Model_Based), 
+     "tumtype"], "NA", sep = ".")

> clinpheno_intermediate[is.na(clinpheno_intermediate$Subtype_Integrative), 
+     "Subtype_Integrative"] = paste(clinpheno_intermediate[is.na(clinpheno_intermediate$Subtype_Integrative), 
+     "tumtype"], "NA", sep = ".")

> clinpheno_intermediate[is.na(clinpheno_intermediate$Subtype_miRNA), 
+     "Subtype_miRNA"] = paste(clinpheno_intermediate[is.na(clinpheno_intermediate$Subtype_miRNA), 
+     "tumtype"], "NA", sep = ".")

> clinpheno_intermediate[is.na(clinpheno_intermediate$Subtype_mRNA), 
+     "Subtype_mRNA"] = paste(clinpheno_intermediate[is.na(clinpheno_intermediate$Subtype_mRNA), 
+     "tumtype"], "NA", sep = ".")

> clinpheno_intermediate[is.na(clinpheno_intermediate$Subtype_other), 
+     "Subtype_other"] = paste(clinpheno_intermediate[is.na(clinpheno_intermediate$Subtype_other), 
+     "tumtype"], "NA", sep = ".")

> clinpheno_intermediate[is.na(clinpheno_intermediate$Subtype_protein), 
+     "Subtype_protein"] = paste(clinpheno_intermediate[is.na(clinpheno_intermediate$Subtype_protein), 
+     "tumtype"], "NA", sep = ".")

> print(as.data.frame(table(clinpheno_intermediate$Subtype_Selected), 
+     exclude = NULL))
                         Var1 Freq
1               ACC.CIMP-high   20
2       ACC.CIMP-intermediate   27
3                ACC.CIMP-low   32
4                      ACC.NA   13
5                       AML.1   14
6                       AML.2   21
7                       AML.3   18
8                       AML.4   37
9                       AML.5   33
10                      AML.6   35
11                      AML.7   20
12                     AML.NA    9
13                     BLCA.1   41
14                     BLCA.2   42
15                     BLCA.3   31
16                     BLCA.4   15
17                    BLCA.NA  307
18                 BRCA.Basal  193
19                  BRCA.Her2   82
20                  BRCA.LumA  581
21                  BRCA.LumB  219
22                    BRCA.NA   21
23                BRCA.Normal  143
24                    CESC.NA  312
25                    CHOL.NA   45
26                    COAD.NA  206
27                    DLBC.NA   48
28                    ESCA.NA   35
29       GBM_LGG.Classic-like  148
30              GBM_LGG.Codel  174
31        GBM_LGG.G-CIMP-high  249
32         GBM_LGG.G-CIMP-low   25
33           GBM_LGG.LGm6-GBM   41
34   GBM_LGG.Mesenchymal-like  215
35                 GBM_LGG.NA  232
36            GBM_LGG.PA-like   26
37                     GBM.NA   14
38                     GI.CIN  625
39                     GI.EBV   30
40                    GI.ESCC   90
41                      GI.GS  109
42                GI.HM-indel  138
43                  GI.HM-SNV   19
44              HNSC.Atypical   68
45                 HNSC.Basal   87
46             HNSC.Classical   49
47           HNSC.Mesenchymal   75
48                    HNSC.NA  325
49               KICH.Eosin.0   47
50               KICH.Eosin.1   19
51                    KICH.NA   25
52                     KIRC.1  147
53                     KIRC.2   90
54                     KIRC.3   94
55                     KIRC.4   86
56                    KIRC.NA  527
57                    KIRP.C1   95
58                   KIRP.C2a   35
59                   KIRP.C2b   22
60            KIRP.C2c - CIMP    9
61                    KIRP.NA  191
62                    LAML.NA   13
63                     LGG.NA   14
64            LIHC.iCluster:1   65
65            LIHC.iCluster:2   55
66            LIHC.iCluster:3   63
67                    LIHC.NA  255
68                     LUAD.1   22
69                     LUAD.2   32
70                     LUAD.3   51
71                     LUAD.4   32
72                     LUAD.5   52
73                     LUAD.6   41
74                    LUAD.NA  411
75                 LUSC.basal   43
76             LUSC.classical   65
77                    LUSC.NA  445
78             LUSC.primitive   27
79             LUSC.secretory   43
80                    MESO.NA   87
81                      NA.NA  200
82                      OV.NA  115
83        OVCA.Differentiated  135
84        OVCA.Immunoreactive  107
85           OVCA.Mesenchymal  109
86         OVCA.Proliferative  138
87                    PAAD.NA  196
88    PCPG.Cortical admixture   22
89      PCPG.Kinase signaling   68
90                    PCPG.NA   14
91         PCPG.Pseudohypoxia   61
92           PCPG.Wnt-altered   22
93                 PRAD.1-ERG  152
94                PRAD.2-ETV1   28
95                PRAD.3-ETV4   14
96                PRAD.4-FLI1    4
97                PRAD.5-SPOP   37
98               PRAD.6-FOXA1    9
99                PRAD.7-IDH1    3
100              PRAD.8-other   86
101                   PRAD.NA  233
102                   READ.NA   66
103                   SARC.NA  271
104                    SKCM.-   17
105 SKCM.BRAF_Hotspot_Mutants  150
106                   SKCM.NA  146
107      SKCM.NF1_Any_Mutants   28
108  SKCM.RAS_Hotspot_Mutants   92
109            SKCM.Triple_WT   46
110                   STAD.NA  128
111                   TGCT.NA  139
112                    THCA.1  134
113                    THCA.2   67
114                    THCA.3   82
115                    THCA.4  106
116                    THCA.5   93
117                   THCA.NA   98
118                   THYM.NA  126
119              UCEC.CN_HIGH  160
120               UCEC.CN_LOW  144
121                  UCEC.MSI  124
122                   UCEC.NA   76
123                 UCEC.POLE   79
124                     UCS.1   17
125                     UCS.2   40
126                    UVM.NA   80

> try(dbRemoveTable(con, "clinpheno"), silent = TRUE)

> dbWriteTable(con, "clinpheno", clinpheno_intermediate, 
+     row.names = FALSE, overwrite = TRUE)

> dbGetQuery(con, "select distinct Subtype_Selected from clinpheno")
             Subtype_Selected
1                     SKCM.NA
2                     THCA.NA
3                     SARC.NA
4              SKCM.Triple_WT
5    SKCM.RAS_Hotspot_Mutants
6        SKCM.NF1_Any_Mutants
7   SKCM.BRAF_Hotspot_Mutants
8                      SKCM.-
9                       NA.NA
10                    PRAD.NA
11                    PCPG.NA
12                    PAAD.NA
13                    HNSC.NA
14                    ESCA.NA
15                    COAD.NA
16                    CESC.NA
17                  BRCA.LumB
18                  BRCA.LumA
19                 BRCA.Basal
20                BRCA.Normal
21                    BLCA.NA
22                    TGCT.NA
23                    KIRP.NA
24                    KIRC.NA
25                     AML.NA
26                      AML.1
27                      AML.2
28                    LAML.NA
29                      AML.5
30                      AML.7
31                      AML.6
32                      AML.3
33                      AML.4
34                    READ.NA
35                      OV.NA
36        OVCA.Differentiated
37                    LUAD.NA
38                    LIHC.NA
39                    UCEC.NA
40                     GBM.NA
41                     LGG.NA
42                      UCS.2
43                      UCS.1
44                     THCA.2
45                     THCA.4
46                     THCA.1
47                     THCA.3
48                     THCA.5
49                    THYM.NA
50                     GI.CIN
51                GI.HM-indel
52                     GI.EBV
53                    STAD.NA
54                  GI.HM-SNV
55                      GI.GS
56                PRAD.5-SPOP
57                 PRAD.1-ERG
58               PRAD.6-FOXA1
59               PRAD.8-other
60                PRAD.3-ETV4
61                PRAD.4-FLI1
62                PRAD.2-ETV1
63                PRAD.7-IDH1
64    PCPG.Cortical admixture
65      PCPG.Kinase signaling
66           PCPG.Wnt-altered
67         PCPG.Pseudohypoxia
68        OVCA.Immunoreactive
69         OVCA.Proliferative
70           OVCA.Mesenchymal
71                    DLBC.NA
72                    LUSC.NA
73                 LUSC.basal
74             LUSC.secretory
75             LUSC.classical
76             LUSC.primitive
77                     LUAD.6
78                     LUAD.1
79                     LUAD.4
80                     LUAD.2
81                     LUAD.3
82                     LUAD.5
83            LIHC.iCluster:2
84            LIHC.iCluster:1
85            LIHC.iCluster:3
86                    MESO.NA
87                   KIRP.C2a
88                    KIRP.C1
89                   KIRP.C2b
90            KIRP.C2c - CIMP
91                     KIRC.3
92                     KIRC.1
93                     KIRC.2
94                     KIRC.4
95               KICH.Eosin.0
96               KICH.Eosin.1
97             HNSC.Classical
98           HNSC.Mesenchymal
99                 HNSC.Basal
100             HNSC.Atypical
101                    UVM.NA
102                   GI.ESCC
103               UCEC.CN_LOW
104                  UCEC.MSI
105              UCEC.CN_HIGH
106                 UCEC.POLE
107                 BRCA.Her2
108                   BRCA.NA
109  GBM_LGG.Mesenchymal-like
110      GBM_LGG.Classic-like
111          GBM_LGG.LGm6-GBM
112                GBM_LGG.NA
113        GBM_LGG.G-CIMP-low
114       GBM_LGG.G-CIMP-high
115             GBM_LGG.Codel
116           GBM_LGG.PA-like
117                    BLCA.2
118                    BLCA.3
119                    BLCA.1
120                    BLCA.4
121                   CHOL.NA
122                    ACC.NA
123     ACC.CIMP-intermediate
124             ACC.CIMP-high
125              ACC.CIMP-low
126                   KICH.NA

> if (mysql) {
+     try(dbExecute(con, "drop index clinphenoidx on clinpheno"), 
+         silent = TRUE)
+ } else {
+     dbExecute(con, "drop index if exists clinphenoidx")
+ }
[1] 0

> if (mysql) {
+     dbExecute(con, "alter table clinpheno modify sample varchar(35)")
+ }

> dbExecute(con, "create index clinphenoidx on clinpheno(sample)")
[1] 0

> str(dbGetQuery(con, "select * from clinpheno limit 5"))
'data.frame':	5 obs. of  46 variables:
 $ sample                             : chr  "TCGA-D3-A1QA-07" "TCGA-DE-A4MD-06" "TCGA-J8-A3O2-06" "TCGA-J8-A3YH-06" ...
 $ sample_type_id                     : chr  "07" "06" "06" "06" ...
 $ sample_type                        : chr  "Additional Metastatic" "Metastatic" "Metastatic" "Metastatic" ...
 $ cohort                             : chr  "skin cutaneous melanoma" "thyroid carcinoma" "thyroid carcinoma" "thyroid carcinoma" ...
 $ Patient                            : chr  "TCGA-D3-A1QA" "TCGA-DE-A4MD" "TCGA-J8-A3O2" "TCGA-J8-A3YH" ...
 $ tumtype                            : chr  "SKCM" "THCA" "THCA" "THCA" ...
 $ age_at_initial_pathologic_diagnosis: num  55 71 39 39 33
 $ gender                             : chr  "MALE" "MALE" "MALE" "MALE" ...
 $ race                               : chr  "WHITE" "WHITE" "WHITE" "WHITE" ...
 $ ajcc_pathologic_tumor_stage        : chr  "Stage IB" "Stage IVA" "Stage I" "Stage I" ...
 $ clinical_stage                     : chr  NA NA NA NA ...
 $ histological_type                  : chr  NA "Thyroid Papillary Carcinoma - Classical/usual" "Thyroid Papillary Carcinoma - Classical/usual" "Thyroid Papillary Carcinoma - Classical/usual" ...
 $ histological_grade                 : chr  NA NA NA NA ...
 $ initial_pathologic_dx_year         : num  2005 2011 2011 2012 2011
 $ menopause_status                   : chr  NA NA NA NA ...
 $ birth_days_to                      : num  -20223 -26179 -14339 -14470 -12320
 $ vital_status                       : chr  "Alive" "Alive" "Alive" "Alive" ...
 $ tumor_status                       : chr  "WITH TUMOR" "TUMOR FREE" "TUMOR FREE" "TUMOR FREE" ...
 $ last_contact_days_to               : num  2765 764 342 175 531
 $ death_days_to                      : num  NA NA NA NA NA
 $ cause_of_death                     : chr  NA NA NA NA ...
 $ new_tumor_event_type               : chr  "Distant Metastasis" "Locoregional Recurrence" NA NA ...
 $ new_tumor_event_site               : chr  "Lung" "Lymph Node Only" NA NA ...
 $ new_tumor_event_site_other         : chr  NA NA NA NA ...
 $ new_tumor_event_dx_days_to         : num  1393 267 NA NA 363
 $ treatment_outcome_first_course     : chr  NA NA NA NA ...
 $ margin_status                      : chr  NA NA NA NA ...
 $ residual_tumor                     : chr  NA "R0" "R1" "R0" ...
 $ OS                                 : num  0 0 0 0 0
 $ OS.time                            : num  2765 764 342 175 531
 $ DSS                                : num  0 0 0 0 0
 $ DSS.time                           : num  2765 764 342 175 531
 $ DFI                                : num  NA NA NA 0 1
 $ DFI.time                           : num  NA NA NA 175 363
 $ PFI                                : num  1 1 0 0 1
 $ PFI.time                           : num  1393 267 342 175 363
 $ Redaction                          : chr  NA NA NA NA ...
 $ Subtype_CNA                        : chr  "SKCM.NA" "THCA.NA" "THCA.NA" "THCA.NA" ...
 $ Subtype_DNAmeth                    : chr  "SKCM.NA" "THCA.NA" "THCA.NA" "THCA.NA" ...
 $ Subtype_Immune_Model_Based         : chr  "SKCM.NA" "THCA.NA" "THCA.NA" "THCA.NA" ...
 $ Subtype_Integrative                : chr  "SKCM.NA" "THCA.NA" "THCA.NA" "THCA.NA" ...
 $ Subtype_miRNA                      : chr  "SKCM.NA" "THCA.NA" "THCA.NA" "THCA.NA" ...
 $ Subtype_mRNA                       : chr  "SKCM.NA" "THCA.NA" "THCA.NA" "THCA.NA" ...
 $ Subtype_other                      : chr  "SKCM.NA" "THCA.NA" "THCA.NA" "THCA.NA" ...
 $ Subtype_protein                    : chr  "SKCM.NA" "THCA.NA" "THCA.NA" "THCA.NA" ...
 $ Subtype_Selected                   : chr  "SKCM.NA" "THCA.NA" "THCA.NA" "THCA.NA" ...

> library(DBI)

> try(dbDisconnect(con))

> if (!mysql) {
+     db = "tcga.db"
+     if (sqldestroy) {
+         print("destroying old sql database")
+         try(system(paste("rm", db)), silent = TRUE)
+         system("touch tcga.db")
+     }
+     con = RSQLite::dbConnect(RSQLite::SQLite(), dbname = db, 
+         flags = RSQLite::SQLITE_RW)
+ } else {
+     if (!require("RMySQL")) {
+         install.packages("RMySQL")
+     }
+     library(RMySQL)
+     if (mysqldb == "dev") {
+         con = RMySQL::dbConnect(drv = RMySQL::MySQL(), dbname = "pancan2018dev", 
+             host = "pancan2018dev.cbe7mtbvwi2d.us-east-1.rds.amazonaws.com", 
+             port = 3306, username = "admin", password = "Adminuser19")
+     }
+     else {
+         con = RMySQL::dbConnect(drv = RMySQL::MySQL(), dbname = "pancan2018", 
+             host = "pancan2018.cbe7mtbvwi2d.us-east-1.rds.amazonaws.com", 
+             port = 3306, username = "admin", password = "Adminuser19")
+     }
+ }

> allprobe = data.frame(key = NA, probe = colnames(dbGetQuery(con, 
+     "select * from clin limit 1")))

> dbWriteTable(con, "allprobes", allprobe, append = TRUE, 
+     row.names = FALSE)

> library(DBI)

> try(dbDisconnect(con))

> if (!mysql) {
+     db = "tcga.db"
+     if (sqldestroy) {
+         print("destroying old sql database")
+         try(system(paste("rm", db)), silent = TRUE)
+         system("touch tcga.db")
+     }
+     con = RSQLite::dbConnect(RSQLite::SQLite(), dbname = db, 
+         flags = RSQLite::SQLITE_RW)
+ } else {
+     if (!require("RMySQL")) {
+         install.packages("RMySQL")
+     }
+     library(RMySQL)
+     if (mysqldb == "dev") {
+         con = RMySQL::dbConnect(drv = RMySQL::MySQL(), dbname = "pancan2018dev", 
+             host = "pancan2018dev.cbe7mtbvwi2d.us-east-1.rds.amazonaws.com", 
+             port = 3306, username = "admin", password = "Adminuser19")
+     }
+     else {
+         con = RMySQL::dbConnect(drv = RMySQL::MySQL(), dbname = "pancan2018", 
+             host = "pancan2018.cbe7mtbvwi2d.us-east-1.rds.amazonaws.com", 
+             port = 3306, username = "admin", password = "Adminuser19")
+     }
+ }

> if (mysql) {
+     dbExecute(con, "drop view if exists tcgas")
+     dbExecute(con, "\ncreate view tcgas as\nselect samples.sample, probes.probe, tcgai.value, tcgai.type\nfrom tcgai, samples, probes\nwhere tcgai.samplekey = samples.key and\ntcgai.probekey = probes.key\n")
+ } else {
+     dbExecute(con, "drop view if exists tcgas")
+     dbExecute(con, "\ncreate view tcgas as\nselect samples.sample, probes.probe, tcgai.value, tcgai.type\nfrom tcgai, samples, probes\nwhere tcgai.samplekey = samples.key and\ntcgai.probekey = probes.key\n")
+ }
[1] 0

> if (mysql) {
+     dbExecute(con, "drop view if exists tcgacats")
+     dbExecute(con, "\ncreate view tcgacats as\nselect samples.sample, probes.probe, tcgacati.value, tcgacati.type\nfrom tcgacati, samples, probes\nwhere tcgacati.samplekey = samples.key and\ntcgacati.probekey = probes.key\n")
+ } else {
+     dbExecute(con, "drop view if exists tcgacats")
+     dbExecute(con, "\ncreate view tcgacats as\nselect samples.sample, probes.probe, tcgacati.value, tcgacati.type\nfrom tcgacati, samples, probes\nwhere tcgacati.samplekey = samples.key and\ntcgacati.probekey = probes.key\n")
+ }
[1] 0

> dbExecute(con, "drop view if exists tcga")
[1] 0

> dbExecute(con, "\ncreate view tcga as\nselect clinpheno.*, probe, value, type\nfrom tcgai, samples, probes, clinpheno\nwhere tcgai.samplekey = samples.key \nand tcgai.probekey = probes.key\nand samples.sample = clinpheno.sample\n")
[1] 0

> dbExecute(con, "drop view if exists tcgacat")
[1] 0

> dbExecute(con, "\ncreate view tcgacat as\nselect clinpheno.*, probe, value, type\nfrom tcgacati, samples, probes, clinpheno\nwhere tcgacati.samplekey = samples.key \nand tcgacati.probekey = probes.key\nand samples.sample = clinpheno.sample\n")
[1] 0

> library(DBI)

> try(dbDisconnect(con))

> if (!mysql) {
+     db = "tcga.db"
+     if (sqldestroy) {
+         print("destroying old sql database")
+         try(system(paste("rm", db)), silent = TRUE)
+         system("touch tcga.db")
+     }
+     con = RSQLite::dbConnect(RSQLite::SQLite(), dbname = db, 
+         flags = RSQLite::SQLITE_RW)
+ } else {
+     if (!require("RMySQL")) {
+         install.packages("RMySQL")
+     }
+     library(RMySQL)
+     if (mysqldb == "dev") {
+         con = RMySQL::dbConnect(drv = RMySQL::MySQL(), dbname = "pancan2018dev", 
+             host = "pancan2018dev.cbe7mtbvwi2d.us-east-1.rds.amazonaws.com", 
+             port = 3306, username = "admin", password = "Adminuser19")
+     }
+     else {
+         con = RMySQL::dbConnect(drv = RMySQL::MySQL(), dbname = "pancan2018", 
+             host = "pancan2018.cbe7mtbvwi2d.us-east-1.rds.amazonaws.com", 
+             port = 3306, username = "admin", password = "Adminuser19")
+     }
+ }

> clintmpclean = dbGetQuery(con, "select tumtype, cohort from clin") %>% 
+     drop_na %>% distinct

> clintmpclean$string = with(clintmpclean, paste(cohort, 
+     "(", tumtype, ")"))

> clintmpclean = clintmpclean %>% rename(cohort = tumtype, 
+     lcohort = cohort, cohortstring = string)

> try(dbRemoveTable(con, "cohorts"))

> dbWriteTable(con, "cohorts", clintmpclean, row.names = FALSE)

> dbGetQuery(con, "select * from cohorts")
   cohort                               lcohort
1    SKCM               skin cutaneous melanoma
2    THCA                     thyroid carcinoma
3    SARC                               sarcoma
4    PRAD               prostate adenocarcinoma
5    PCPG      pheochromocytoma & paraganglioma
6    PAAD             pancreatic adenocarcinoma
7    HNSC   head & neck squamous cell carcinoma
8    ESCA                  esophageal carcinoma
9    COAD                  colon adenocarcinoma
10   CESC        cervical & endocervical cancer
11   BRCA             breast invasive carcinoma
12   BLCA          bladder urothelial carcinoma
13   TGCT            testicular germ cell tumor
14   KIRP       kidney papillary cell carcinoma
15   KIRC           kidney clear cell carcinoma
16   LAML                acute myeloid leukemia
17   READ                 rectum adenocarcinoma
18     OV     ovarian serous cystadenocarcinoma
19   LUAD                   lung adenocarcinoma
20   LIHC        liver hepatocellular carcinoma
21   UCEC uterine corpus endometrioid carcinoma
22    GBM               glioblastoma multiforme
23    LGG              brain lower grade glioma
24    UCS                uterine carcinosarcoma
25   THYM                               thymoma
26   STAD                stomach adenocarcinoma
27   DLBC         diffuse large B-cell lymphoma
28   LUSC          lung squamous cell carcinoma
29   MESO                          mesothelioma
30   KICH                    kidney chromophobe
31    UVM                        uveal melanoma
32   CHOL                    cholangiocarcinoma
33    ACC                 adrenocortical cancer
                                     cohortstring
1                skin cutaneous melanoma ( SKCM )
2                      thyroid carcinoma ( THCA )
3                                sarcoma ( SARC )
4                prostate adenocarcinoma ( PRAD )
5       pheochromocytoma & paraganglioma ( PCPG )
6              pancreatic adenocarcinoma ( PAAD )
7    head & neck squamous cell carcinoma ( HNSC )
8                   esophageal carcinoma ( ESCA )
9                   colon adenocarcinoma ( COAD )
10        cervical & endocervical cancer ( CESC )
11             breast invasive carcinoma ( BRCA )
12          bladder urothelial carcinoma ( BLCA )
13            testicular germ cell tumor ( TGCT )
14       kidney papillary cell carcinoma ( KIRP )
15           kidney clear cell carcinoma ( KIRC )
16                acute myeloid leukemia ( LAML )
17                 rectum adenocarcinoma ( READ )
18       ovarian serous cystadenocarcinoma ( OV )
19                   lung adenocarcinoma ( LUAD )
20        liver hepatocellular carcinoma ( LIHC )
21 uterine corpus endometrioid carcinoma ( UCEC )
22                glioblastoma multiforme ( GBM )
23               brain lower grade glioma ( LGG )
24                 uterine carcinosarcoma ( UCS )
25                               thymoma ( THYM )
26                stomach adenocarcinoma ( STAD )
27         diffuse large B-cell lymphoma ( DLBC )
28          lung squamous cell carcinoma ( LUSC )
29                          mesothelioma ( MESO )
30                    kidney chromophobe ( KICH )
31                         uveal melanoma ( UVM )
32                    cholangiocarcinoma ( CHOL )
33                  adrenocortical cancer ( ACC )

> library(DBI)

> try(dbDisconnect(con))

> if (!mysql) {
+     db = "tcga.db"
+     if (sqldestroy) {
+         print("destroying old sql database")
+         try(system(paste("rm", db)), silent = TRUE)
+         system("touch tcga.db")
+     }
+     con = RSQLite::dbConnect(RSQLite::SQLite(), dbname = db, 
+         flags = RSQLite::SQLITE_RW)
+ } else {
+     if (!require("RMySQL")) {
+         install.packages("RMySQL")
+     }
+     library(RMySQL)
+     if (mysqldb == "dev") {
+         con = RMySQL::dbConnect(drv = RMySQL::MySQL(), dbname = "pancan2018dev", 
+             host = "pancan2018dev.cbe7mtbvwi2d.us-east-1.rds.amazonaws.com", 
+             port = 3306, username = "admin", password = "Adminuser19")
+     }
+     else {
+         con = RMySQL::dbConnect(drv = RMySQL::MySQL(), dbname = "pancan2018", 
+             host = "pancan2018.cbe7mtbvwi2d.us-east-1.rds.amazonaws.com", 
+             port = 3306, username = "admin", password = "Adminuser19")
+     }
+ }

> if (mysql) {
+     try(dbExecute(con, "drop index tcgaidx_pt on tcgai"), silent = TRUE)
+     dbExecute(con, "create index tcgaidx_pt on tcgai( probekey, type ) using hash")
+ } else {
+     try(dbExecute(con, "drop index tcgaidx_pt"), silent = TRUE)
+     dbExecute(con, "create index tcgaidx_pt on tcgai ( probekey, type )")
+ }
[1] 0

> library(DBI)

> try(dbDisconnect(con))

> if (!mysql) {
+     db = "tcga.db"
+     if (sqldestroy) {
+         print("destroying old sql database")
+         try(system(paste("rm", db)), silent = TRUE)
+         system("touch tcga.db")
+     }
+     con = RSQLite::dbConnect(RSQLite::SQLite(), dbname = db, 
+         flags = RSQLite::SQLITE_RW)
+ } else {
+     if (!require("RMySQL")) {
+         install.packages("RMySQL")
+     }
+     library(RMySQL)
+     if (mysqldb == "dev") {
+         con = RMySQL::dbConnect(drv = RMySQL::MySQL(), dbname = "pancan2018dev", 
+             host = "pancan2018dev.cbe7mtbvwi2d.us-east-1.rds.amazonaws.com", 
+             port = 3306, username = "admin", password = "Adminuser19")
+     }
+     else {
+         con = RMySQL::dbConnect(drv = RMySQL::MySQL(), dbname = "pancan2018", 
+             host = "pancan2018.cbe7mtbvwi2d.us-east-1.rds.amazonaws.com", 
+             port = 3306, username = "admin", password = "Adminuser19")
+     }
+ }

> library(tidyverse)

> source("tablemaker.R")

> samples = tbl(con, "samples")

> probes = tbl(con, "probes")

> tcgacati = tbl(con, "tcgacati")

> fmut = tcgacati %>% filter(type == "fmut") %>% left_join(samples %>% 
+     rename(samplekey = key)) %>% left_join(probes %>% rename(probekey = key)) %>% 
+     select(sample, probe, value, type)
Joining, by = "samplekey"
Joining, by = "probekey"

> fmut
# Source:   lazy query [?? x 4]
# Database: sqlite 3.37.2 [/scratch/Shiny/T2/tcga.db]
   sample          probe        value                             type 
   <chr>           <chr>        <chr>                             <chr>
 1 TCGA-02-0003-01 TACC2.fmut   TACC2_p.T38M_Missense_Mutation    fmut 
 2 TCGA-02-0003-01 JAKMIP3.fmut JAKMIP3_p.D723D_Silent            fmut 
 3 TCGA-02-0003-01 PANX3.fmut   PANX3_p.R296Q_Missense_Mutation   fmut 
 4 TCGA-02-0003-01 SPI1.fmut    SPI1_p.P127T_Missense_Mutation    fmut 
 5 TCGA-02-0003-01 NAALAD2.fmut NAALAD2_p.R65C_Missense_Mutation  fmut 
 6 TCGA-02-0003-01 FAT3.fmut    FAT3_p.P3444P_Silent              fmut 
 7 TCGA-02-0003-01 MTERFD3.fmut MTERFD3_p.L213S_Missense_Mutation fmut 
 8 TCGA-02-0003-01 BTBD11.fmut  BTBD11_p.E770K_Missense_Mutation  fmut 
 9 TCGA-02-0003-01 NOS1.fmut    NOS1_NA_5pFlank                   fmut 
10 TCGA-02-0003-01 SLC2A14.fmut SLC2A14_p.R252Q_Missense_Mutation fmut 
# … with more rows

> tmb = fmut %>% group_by(sample) %>% count(sort = TRUE) %>% 
+     ungroup %>% rename(value = n) %>% mutate(value = log10(value + 
+     1)) %>% mutate(probe = "tmb", type = "tmb") %>% select(sample, 
+     probe, value, type) %>% collect

> dim(tmb)
[1] 9104    4

> tablemaker(tmb, suffix = FALSE, deleteType = TRUE)
<SQLiteConnection>
  Path: /scratch/Shiny/T2/tcga.db
  Extensions: TRUE
[1] "destination table tcgai"
[1] "writing to sample index table (samples)"
# A tibble: 6 × 2
  key   sample         
  <lgl> <chr>          
1 NA    TCGA-02-0003-01
2 NA    TCGA-02-0033-01
3 NA    TCGA-02-0047-01
4 NA    TCGA-02-0055-01
5 NA    TCGA-02-2470-01
6 NA    TCGA-02-2483-01
[1] "UPROBE"
# A tibble: 1 × 2
  key   probe
  <lgl> <chr>
1 NA    tmb  
[1] "dbwrite probestmp"
[1] "probestmp"
[1] "probes"
[1] "sanity checking: length, unique, head"
[1] 1
[1] 1
[1] "tmb"
[1] "intersection of tmp file with probes"
[1] 0
[1] "allprobes"
[1] "dbwrite allprobestmp"
  key     probe
1   1 100130426
2   2 100133144
3   3 100134869
4   4     10357
5   5     10431
[1] "DELETING TYPE tmb from table tcgai"
# A tibble: 15 × 1
   type           
   <chr>          
 1 rna            
 2 cnv            
 3 cnc            
 4 rppa           
 5 mut            
 6 viral          
 7 urna           
 8 pc_gene_program
 9 rabit          
10 hrd            
11 immune_score   
12 molec_subtype  
13 immune_subtype 
14 fmut           
15 muttest        
[1] "delete from tcgai where type = \"tmb\""
[1] "Dat"
# A tibble: 6 × 4
  sample          probe value type 
  <chr>           <chr> <dbl> <chr>
1 TCGA-02-0003-01 tmb    1.79 tmb  
2 TCGA-02-0033-01 tmb    1.62 tmb  
3 TCGA-02-0047-01 tmb    1.94 tmb  
4 TCGA-02-0055-01 tmb    1.89 tmb  
5 TCGA-02-2470-01 tmb    1.88 tmb  
6 TCGA-02-2483-01 tmb    1.85 tmb  
[1] "transform dat probe to probe.type if suffix = TRUE"
# A tibble: 9,104 × 4
   sample          probe value type 
   <chr>           <chr> <dbl> <chr>
 1 TCGA-02-0003-01 tmb    1.79 tmb  
 2 TCGA-02-0033-01 tmb    1.62 tmb  
 3 TCGA-02-0047-01 tmb    1.94 tmb  
 4 TCGA-02-0055-01 tmb    1.89 tmb  
 5 TCGA-02-2470-01 tmb    1.88 tmb  
 6 TCGA-02-2483-01 tmb    1.85 tmb  
 7 TCGA-02-2485-01 tmb    1.88 tmb  
 8 TCGA-02-2486-01 tmb    1.88 tmb  
 9 TCGA-04-1353-01 tmb    1.48 tmb  
10 TCGA-04-1369-01 tmb    2.10 tmb  
# … with 9,094 more rows
[1] "write dat as tcga(cat)itmp on server"
[1] "tcgaitmp"
[1] "there should be nothing below"
[1] sample probe  value  type  
<0 rows> (or 0-length row.names)
[1] "starting db write"
[1] "db write of temp table complete"
[1] "insert tmpdata into core tidy tables"
[1] "select samples.key as samplekey, probes.key as probekey,  value, type from tcgaitmp left join samples on tcgaitmp.sample = samples.sample left join probes on tcgaitmp.probe = probes.probe "
[1] "insert into tcgai select samples.key as samplekey, probes.key as probekey,  value, type from tcgaitmp left join samples on tcgaitmp.sample = samples.sample left join probes on tcgaitmp.probe = probes.probe "
[1] 9104
Warning message:
ORDER BY is ignored in subqueries without LIMIT
ℹ Do you need to move arrange() later in the pipeline or use window_order() instead? 

> library(DBI)

> try(dbDisconnect(con))

> if (!mysql) {
+     db = "tcga.db"
+     if (sqldestroy) {
+         print("destroying old sql database")
+         try(system(paste("rm", db)), silent = TRUE)
+         system("touch tcga.db")
+     }
+     con = RSQLite::dbConnect(RSQLite::SQLite(), dbname = db, 
+         flags = RSQLite::SQLITE_RW)
+ } else {
+     if (!require("RMySQL")) {
+         install.packages("RMySQL")
+     }
+     library(RMySQL)
+     if (mysqldb == "dev") {
+         con = RMySQL::dbConnect(drv = RMySQL::MySQL(), dbname = "pancan2018dev", 
+             host = "pancan2018dev.cbe7mtbvwi2d.us-east-1.rds.amazonaws.com", 
+             port = 3306, username = "admin", password = "Adminuser19")
+     }
+     else {
+         con = RMySQL::dbConnect(drv = RMySQL::MySQL(), dbname = "pancan2018", 
+             host = "pancan2018.cbe7mtbvwi2d.us-east-1.rds.amazonaws.com", 
+             port = 3306, username = "admin", password = "Adminuser19")
+     }
+ }

> library(tidyverse)

> library(utils)

> rforge <- "http://r-forge.r-project.org"

> if (!require("estimate")) install.packages("estimate", 
+     repos = rforge, dependencies = TRUE)
Loading required package: estimate

> library(estimate)

> source("tablemaker.R")

> my.limit = Inf

> rna_file = "Data/EB++AdjustPANCAN_IlluminaHiSeq_RNASeqV2.geneExp.xena.gz"

> my_rna = read.csv(rna_file, stringsAsFactors = FALSE, 
+     sep = "\t", check.names = FALSE, nrows = my.limit)

> my_rna[1:5, 1:5]
     sample TCGA-OR-A5J1-01 TCGA-OR-A5J2-01 TCGA-OR-A5J3-01 TCGA-OR-A5J5-01
1 100130426            0.00            0.00            0.00            0.00
2 100133144            2.09            1.88            1.45            0.00
3 100134869            2.30            3.32            2.92            1.35
4     10357            7.23            6.36            6.45            5.78
5     10431           10.99           10.35           10.04           11.20

> rownames(my_rna) = make.unique(my_rna$sample)

> my_rna$sample = NULL

> my_filtered = my_rna[rownames(my_rna) %in% estimate::common_genes$GeneSymbol, 
+     ]

> dim(my_filtered)
[1] 10412 11069

> outputGCT(my_filtered, "Data/rna.tmp")

> estimateScore("Data/rna.tmp", "Data/estimateout.tmp", 
+     platform = "illumina")
[1] "1 gene set: StromalSignature  overlap= 141"
[1] "2 gene set: ImmuneSignature  overlap= 141"

> my_estimate = read.delim("Data/estimateout.tmp", skip = 2, 
+     stringsAsFactors = FALSE, sep = "\t")

> my_estimate[1:3, 1:5]
           NAME   Description TCGA.OR.A5J1.01 TCGA.OR.A5J2.01 TCGA.OR.A5J3.01
1  StromalScore  StromalScore      -1161.6548       -568.3723       -1295.041
2   ImmuneScore   ImmuneScore       -524.4625       -765.4439       -1070.359
3 ESTIMATEScore ESTIMATEScore      -1686.1173      -1333.8163       -2365.400

> dim(my_estimate)
[1]     3 11071

> dim(my_filtered)
[1] 10412 11069

> my_load = my_estimate %>% select(-Description) %>% 
+     rename(probe = NAME) %>% gather(sample, value, -probe) %>% 
+     mutate(type = "estimate") %>% mutate(sample = gsub(".", "-", 
+     sample, fixed = TRUE)) %>% select(sample, probe, value, type)

> str(my_load)
'data.frame':	33207 obs. of  4 variables:
 $ sample: chr  "TCGA-OR-A5J1-01" "TCGA-OR-A5J1-01" "TCGA-OR-A5J1-01" "TCGA-OR-A5J2-01" ...
 $ probe : chr  "StromalScore" "ImmuneScore" "ESTIMATEScore" "StromalScore" ...
 $ value : num  -1162 -524 -1686 -568 -765 ...
 $ type  : chr  "estimate" "estimate" "estimate" "estimate" ...

> head(my_load)
           sample         probe      value     type
1 TCGA-OR-A5J1-01  StromalScore -1161.6548 estimate
2 TCGA-OR-A5J1-01   ImmuneScore  -524.4625 estimate
3 TCGA-OR-A5J1-01 ESTIMATEScore -1686.1173 estimate
4 TCGA-OR-A5J2-01  StromalScore  -568.3723 estimate
5 TCGA-OR-A5J2-01   ImmuneScore  -765.4439 estimate
6 TCGA-OR-A5J2-01 ESTIMATEScore -1333.8163 estimate

> dim(my_load)
[1] 33207     4

> tablemaker(my_load, deleteType = TRUE, suffix = TRUE)
<SQLiteConnection>
  Path: /scratch/Shiny/T2/tcga.db
  Extensions: TRUE
[1] "destination table tcgai"
[1] "writing to sample index table (samples)"
  key          sample
1  NA TCGA-OR-A5J1-01
2  NA TCGA-OR-A5J2-01
3  NA TCGA-OR-A5J3-01
4  NA TCGA-OR-A5J5-01
5  NA TCGA-OR-A5J6-01
6  NA TCGA-OR-A5J7-01
[1] "UPROBE"
  key                  probe
1  NA  StromalScore.estimate
2  NA   ImmuneScore.estimate
3  NA ESTIMATEScore.estimate
[1] "dbwrite probestmp"
[1] "probestmp"
[1] "probes"
[1] "sanity checking: length, unique, head"
[1] 3
[1] 3
[1] "StromalScore.estimate"  "ImmuneScore.estimate"   "ESTIMATEScore.estimate"
[1] "intersection of tmp file with probes"
[1] 0
[1] "allprobes"
[1] "dbwrite allprobestmp"
  key     probe
1   1 100130426
2   2 100133144
3   3 100134869
4   4     10357
5   5     10431
[1] "DELETING TYPE estimate from table tcgai"
# A tibble: 16 × 1
   type           
   <chr>          
 1 rna            
 2 cnv            
 3 cnc            
 4 rppa           
 5 mut            
 6 viral          
 7 urna           
 8 pc_gene_program
 9 rabit          
10 hrd            
11 immune_score   
12 molec_subtype  
13 immune_subtype 
14 fmut           
15 muttest        
16 tmb            
[1] "delete from tcgai where type = \"estimate\""
[1] "Dat"
           sample         probe      value     type
1 TCGA-OR-A5J1-01  StromalScore -1161.6548 estimate
2 TCGA-OR-A5J1-01   ImmuneScore  -524.4625 estimate
3 TCGA-OR-A5J1-01 ESTIMATEScore -1686.1173 estimate
4 TCGA-OR-A5J2-01  StromalScore  -568.3723 estimate
5 TCGA-OR-A5J2-01   ImmuneScore  -765.4439 estimate
6 TCGA-OR-A5J2-01 ESTIMATEScore -1333.8163 estimate
[1] "transform dat probe to probe.type if suffix = TRUE"
# A tibble: 33,207 × 4
   sample          probe                   value type    
   <chr>           <chr>                   <dbl> <chr>   
 1 TCGA-OR-A5J1-01 StromalScore.estimate  -1162. estimate
 2 TCGA-OR-A5J1-01 ImmuneScore.estimate    -524. estimate
 3 TCGA-OR-A5J1-01 ESTIMATEScore.estimate -1686. estimate
 4 TCGA-OR-A5J2-01 StromalScore.estimate   -568. estimate
 5 TCGA-OR-A5J2-01 ImmuneScore.estimate    -765. estimate
 6 TCGA-OR-A5J2-01 ESTIMATEScore.estimate -1334. estimate
 7 TCGA-OR-A5J3-01 StromalScore.estimate  -1295. estimate
 8 TCGA-OR-A5J3-01 ImmuneScore.estimate   -1070. estimate
 9 TCGA-OR-A5J3-01 ESTIMATEScore.estimate -2365. estimate
10 TCGA-OR-A5J5-01 StromalScore.estimate  -1710. estimate
# … with 33,197 more rows
[1] "write dat as tcga(cat)itmp on server"
[1] "tcgaitmp"
[1] "there should be nothing below"
[1] sample probe  value  type  
<0 rows> (or 0-length row.names)
[1] "starting db write"
[1] "db write of temp table complete"
[1] "insert tmpdata into core tidy tables"
[1] "select samples.key as samplekey, probes.key as probekey,  value, type from tcgaitmp left join samples on tcgaitmp.sample = samples.sample left join probes on tcgaitmp.probe = probes.probe "
[1] "insert into tcgai select samples.key as samplekey, probes.key as probekey,  value, type from tcgaitmp left join samples on tcgaitmp.sample = samples.sample left join probes on tcgaitmp.probe = probes.probe "
[1] 33207

> try(system("rm Data/rna.tmp Data/estimatein.tmp Data/estimateout.tmp"), 
+     silent = TRUE)
rm: cannot remove 'Data/estimatein.tmp': No such file or directory

> library(DBI)

> try(dbDisconnect(con))

> if (!mysql) {
+     db = "tcga.db"
+     if (sqldestroy) {
+         print("destroying old sql database")
+         try(system(paste("rm", db)), silent = TRUE)
+         system("touch tcga.db")
+     }
+     con = RSQLite::dbConnect(RSQLite::SQLite(), dbname = db, 
+         flags = RSQLite::SQLITE_RW)
+ } else {
+     if (!require("RMySQL")) {
+         install.packages("RMySQL")
+     }
+     library(RMySQL)
+     if (mysqldb == "dev") {
+         con = RMySQL::dbConnect(drv = RMySQL::MySQL(), dbname = "pancan2018dev", 
+             host = "pancan2018dev.cbe7mtbvwi2d.us-east-1.rds.amazonaws.com", 
+             port = 3306, username = "admin", password = "Adminuser19")
+     }
+     else {
+         con = RMySQL::dbConnect(drv = RMySQL::MySQL(), dbname = "pancan2018", 
+             host = "pancan2018.cbe7mtbvwi2d.us-east-1.rds.amazonaws.com", 
+             port = 3306, username = "admin", password = "Adminuser19")
+     }
+ }

> library(tidyverse)

> source("gitr.R")

> source("signatures.R")

> source("apply_signatures.R")

> source("tablemaker.R")

> tcga = tbl(con, "tcga")

> tcgacat = tbl(con, "tcgacat")

> sig_projection = create_signatures(dat = tcga, siglist = dsl)
[1] "gitr call"
[1] "EPCAM ESRP1 CD8A CD8B FOXP3 CCR8 CD3D CD3E CD2 CD19 CD79A MS4A1 KIR2DL1 KIR2DL3 KIR2DL4 KIR3DL1 KIR3DL2 KIR3DL3 KIR2DS4 CLEC4D CLEC4E CLEC6A CD86 CSF1R C3AR1 CD163 VSIG4 MS4A4A LILRA4 CLEC4C COL1A1 COL1A2 COL3A1 IFNG VEGFA STC1 EGLN3 SLC2A1 CA9 ENO2 LDHA AXIN2 NKD1 RNF43 ZNRF3 NOTUM CCL2 CCL3 CCL4 CXCL9 CXCL10 ICOS GZMK IRF1 HLA-DMA HLA-DMB HLA-DOA HLA-DOB GZMA PRF1 CD34 ECSCR PECAM1 TIE1 CLEC14A HLA-DRA STAT1 IDO1 CIITA CCL5 CXCL13 IL2RG NKG7 HLA-E CXCR6 LAG3 TAGAP GZMB CD274 CLEC9A FLT3 XCR1 IFI16 ISG20 TRIM22 TRIM25 CMPK2 EPSTI1 HERC5 IFI27 IFI44 IFI44L RSAD2 IFIT1 OAS3 MX1 IL1A IL1B IL6 CSF3 CXCL1 CXCL2 CXCR1 CXCR2 ELANE AZU1 IFIT1B IFNA21 IFNW1 IFNA1 IFNA14 IFNA2 IFNA5 IFNA6 IFNA8 IFNB1 IFNE IFNK CNTFR IFIT2 IFIT3 CCR5 CXCL11 PSMB10 HLA-DQA1 HLA-DRB1 CD27 CD276 PDCD1LG2 TIGIT CMKLR1 STK11IP ZBTB34 TBC1D10B OAZ1 POLR2A G6PD ABCF1 C14orf102 UBB TBP SDHA ACTB ATP5F1 DDX5 EEF1G GAPDH NCL PPIA RPL38 RPL6 RPS7 SLC25A3 SOD1 YWHAZ"
[1] "Probes within gitr"
       probes
1       EPCAM
2       ESRP1
3        CD8A
4        CD8B
5       FOXP3
6        CCR8
7        CD3D
8        CD3E
9         CD2
10       CD19
11      CD79A
12      MS4A1
13    KIR2DL1
14    KIR2DL3
15    KIR2DL4
16    KIR3DL1
17    KIR3DL2
18    KIR3DL3
19    KIR2DS4
20     CLEC4D
21     CLEC4E
22     CLEC6A
23       CD86
24      CSF1R
25      C3AR1
26      CD163
27      VSIG4
28     MS4A4A
29     LILRA4
30     CLEC4C
31     COL1A1
32     COL1A2
33     COL3A1
34       IFNG
35      VEGFA
36       STC1
37      EGLN3
38     SLC2A1
39        CA9
40       ENO2
41       LDHA
42      AXIN2
43       NKD1
44      RNF43
45      ZNRF3
46      NOTUM
47       CCL2
48       CCL3
49       CCL4
50      CXCL9
51     CXCL10
52       ICOS
53       GZMK
54       IRF1
55    HLA-DMA
56    HLA-DMB
57    HLA-DOA
58    HLA-DOB
59       GZMA
60       PRF1
61       CD34
62      ECSCR
63     PECAM1
64       TIE1
65    CLEC14A
66    HLA-DRA
67      STAT1
68       IDO1
69      CIITA
70       CCL5
71     CXCL13
72      IL2RG
73       NKG7
74      HLA-E
75      CXCR6
76       LAG3
77      TAGAP
78       GZMB
79      CD274
80     CLEC9A
81       FLT3
82       XCR1
83      IFI16
84      ISG20
85     TRIM22
86     TRIM25
87      CMPK2
88     EPSTI1
89      HERC5
90      IFI27
91      IFI44
92     IFI44L
93      RSAD2
94      IFIT1
95       OAS3
96        MX1
97       IL1A
98       IL1B
99        IL6
100      CSF3
101     CXCL1
102     CXCL2
103     CXCR1
104     CXCR2
105     ELANE
106      AZU1
107    IFIT1B
108    IFNA21
109     IFNW1
110     IFNA1
111    IFNA14
112     IFNA2
113     IFNA5
114     IFNA6
115     IFNA8
116     IFNB1
117      IFNE
118      IFNK
119     CNTFR
120     IFIT2
121     IFIT3
122      CCR5
123    CXCL11
124    PSMB10
125  HLA-DQA1
126  HLA-DRB1
127      CD27
128     CD276
129  PDCD1LG2
130     TIGIT
131    CMKLR1
132   STK11IP
133    ZBTB34
134  TBC1D10B
135      OAZ1
136    POLR2A
137      G6PD
138     ABCF1
139 C14orf102
140       UBB
141       TBP
142      SDHA
143      ACTB
144    ATP5F1
145      DDX5
146     EEF1G
147     GAPDH
148       NCL
149      PPIA
150     RPL38
151      RPL6
152      RPS7
153   SLC25A3
154      SOD1
155     YWHAZ
[1] "gitr finished first query"
[1] "gitr call end"
Note: Using an external vector in selections is ambiguous.
ℹ Use `all_of(comp)` instead of `comp` to silence this message.
ℹ See <https://tidyselect.r-lib.org/reference/faq-external-vector.html>.
This message is displayed once per session.

> dim(sig_projection)
[1] 11051    39

> head(sig_projection, 1)
           sample   Epi.sig  TCD8.sig   Treg.sig Tcell.sig  Bcell.sig    NK.sig
1 TCGA-OR-A5J1-01 -1.631376 -1.022958 -0.2299752  -1.17603 -0.9988303 -0.586963
   MGran.sig  Mono.sig   MFm2.sig    pDC.sig   Fib.sig   IFNG.sig HypVEGFA.sig
1 -0.3926667 0.1980728 0.02343224 0.06580967 -1.637662 -0.7325885    0.1671571
  HypCA9.sig BCAT2.sig BCAT4.sig BCAT5.sig TGajo.sig   TGaj.sig    CyT.sig
1 -0.9888308 0.3634247 0.3634247 0.1119849 -1.022958 -0.9902676 -0.8023017
     Endo.sig Ribas6.sig Ribas18.sig BMSMagic.sig BMS4.sig  BMS2.sig    DC1.sig
1 -0.01960502  -1.176741   -1.175325     -1.88081 -1.88081 -1.907912 -0.9162892
  IfnTypeII.sig IfnTypeI.sig  COXup.sig NeutElastase.sig  Ifn9p.sig Ribas10.sig
1     -1.280991   -0.6565794 -0.9496838       0.09362485 -0.3115708  -0.9805397
  Nano18.sig Merck18.sig Qiagen_controls TregCD8.sig NKCD8.sig
1  -1.239683   -1.528865      -0.1156541   0.7929832 0.6164266

> sig_load = sig_projection %>% gather(probe, value, 
+     -sample) %>% mutate(type = "sig") %>% select(sample, probe, 
+     value, type) %>% mutate(oprobe = probe) %>% as_tibble

> tablemaker(dat = sig_load, connection = con, deleteType = TRUE, 
+     suffix = FALSE)
<SQLiteConnection>
  Path: /scratch/Shiny/T2/tcga.db
  Extensions: TRUE
[1] "destination table tcgai"
[1] "writing to sample index table (samples)"
# A tibble: 6 × 2
  key   sample         
  <lgl> <fct>          
1 NA    TCGA-OR-A5J1-01
2 NA    TCGA-OR-A5J2-01
3 NA    TCGA-OR-A5J3-01
4 NA    TCGA-OR-A5J5-01
5 NA    TCGA-OR-A5J6-01
6 NA    TCGA-OR-A5J7-01
[1] "UPROBE"
# A tibble: 6 × 2
  key   probe    
  <lgl> <chr>    
1 NA    Epi.sig  
2 NA    TCD8.sig 
3 NA    Treg.sig 
4 NA    Tcell.sig
5 NA    Bcell.sig
6 NA    NK.sig   
[1] "dbwrite probestmp"
[1] "probestmp"
[1] "probes"
[1] "sanity checking: length, unique, head"
[1] 38
[1] 38
[1] "Epi.sig"   "TCD8.sig"  "Treg.sig"  "Tcell.sig" "Bcell.sig" "NK.sig"   
[1] "intersection of tmp file with probes"
[1] 0
[1] "allprobes"
[1] "dbwrite allprobestmp"
  key     probe
1   1 100130426
2   2 100133144
3   3 100134869
4   4     10357
5   5     10431
[1] "DELETING TYPE sig from table tcgai"
# A tibble: 17 × 1
   type           
   <chr>          
 1 rna            
 2 cnv            
 3 cnc            
 4 rppa           
 5 mut            
 6 viral          
 7 urna           
 8 pc_gene_program
 9 rabit          
10 hrd            
11 immune_score   
12 molec_subtype  
13 immune_subtype 
14 fmut           
15 muttest        
16 tmb            
17 estimate       
[1] "delete from tcgai where type = \"sig\""
[1] "Dat"
# A tibble: 6 × 5
  sample          probe    value type  oprobe 
  <fct>           <chr>    <dbl> <chr> <chr>  
1 TCGA-OR-A5J1-01 Epi.sig -1.63  sig   Epi.sig
2 TCGA-OR-A5J2-01 Epi.sig -1.08  sig   Epi.sig
3 TCGA-OR-A5J3-01 Epi.sig -1.27  sig   Epi.sig
4 TCGA-OR-A5J5-01 Epi.sig -0.469 sig   Epi.sig
5 TCGA-OR-A5J6-01 Epi.sig -1.79  sig   Epi.sig
6 TCGA-OR-A5J7-01 Epi.sig -0.940 sig   Epi.sig
[1] "transform dat probe to probe.type if suffix = TRUE"
# A tibble: 419,938 × 5
   sample          probe    value type  oprobe 
   <fct>           <chr>    <dbl> <chr> <chr>  
 1 TCGA-OR-A5J1-01 Epi.sig -1.63  sig   Epi.sig
 2 TCGA-OR-A5J2-01 Epi.sig -1.08  sig   Epi.sig
 3 TCGA-OR-A5J3-01 Epi.sig -1.27  sig   Epi.sig
 4 TCGA-OR-A5J5-01 Epi.sig -0.469 sig   Epi.sig
 5 TCGA-OR-A5J6-01 Epi.sig -1.79  sig   Epi.sig
 6 TCGA-OR-A5J7-01 Epi.sig -0.940 sig   Epi.sig
 7 TCGA-OR-A5J8-01 Epi.sig -2.25  sig   Epi.sig
 8 TCGA-OR-A5J9-01 Epi.sig -1.47  sig   Epi.sig
 9 TCGA-OR-A5JA-01 Epi.sig -1.38  sig   Epi.sig
10 TCGA-OR-A5JB-01 Epi.sig -1.25  sig   Epi.sig
# … with 419,928 more rows
[1] "write dat as tcga(cat)itmp on server"
[1] "tcgaitmp"
[1] "there should be nothing below"
[1] sample probe  value  type  
<0 rows> (or 0-length row.names)
[1] "starting db write"
[1] "db write of temp table complete"
[1] "insert tmpdata into core tidy tables"
[1] "select samples.key as samplekey, probes.key as probekey,  value, type from tcgaitmp left join samples on tcgaitmp.sample = samples.sample left join probes on tcgaitmp.probe = probes.probe "
[1] "insert into tcgai select samples.key as samplekey, probes.key as probekey,  value, type from tcgaitmp left join samples on tcgaitmp.sample = samples.sample left join probes on tcgaitmp.probe = probes.probe "
[1] 419938

> system("touch restart.txt")

> if (FALSE) {
+     dsl$TCD8.sig$comp
+     test = sig_fn(dat = tcga, dsl$TCD8.sig$comp, gitr = TRUE) %>% 
+         head
+     dim(test)
+     test
+     test2 = create_signatures(dat = tcga, siglist = dsl[1:3])
+     head(test2)
+     test3 = create_signatures(dat = tcga, siglist = dsl["NK.sig"])
+     head(test3)
+     test4 = create_signatures(dat = tcga, siglist = dsl["TregCD8.sig"])
+     head(test4)
+     test5 = create_signatures(dat = tcga, siglist = dsl["NKCD8.sig"])
+     head(test5)
+ }
Warning message:
`funs()` was deprecated in dplyr 0.8.0.
Please use a list of either functions or lambdas: 

  # Simple named list: 
  list(mean = mean, median = median)

  # Auto named with `tibble::lst()`: 
  tibble::lst(mean, median)

  # Using lambdas
  list(~ mean(., trim = .2), ~ median(., na.rm = TRUE))
This warning is displayed once every 8 hours.
Call `lifecycle::last_lifecycle_warnings()` to see where this warning was generated. 

> library(DBI)

> try(dbDisconnect(con))

> if (!mysql) {
+     db = "tcga.db"
+     if (sqldestroy) {
+         print("destroying old sql database")
+         try(system(paste("rm", db)), silent = TRUE)
+         system("touch tcga.db")
+     }
+     con = RSQLite::dbConnect(RSQLite::SQLite(), dbname = db, 
+         flags = RSQLite::SQLITE_RW)
+ } else {
+     if (!require("RMySQL")) {
+         install.packages("RMySQL")
+     }
+     library(RMySQL)
+     if (mysqldb == "dev") {
+         con = RMySQL::dbConnect(drv = RMySQL::MySQL(), dbname = "pancan2018dev", 
+             host = "pancan2018dev.cbe7mtbvwi2d.us-east-1.rds.amazonaws.com", 
+             port = 3306, username = "admin", password = "Adminuser19")
+     }
+     else {
+         con = RMySQL::dbConnect(drv = RMySQL::MySQL(), dbname = "pancan2018", 
+             host = "pancan2018.cbe7mtbvwi2d.us-east-1.rds.amazonaws.com", 
+             port = 3306, username = "admin", password = "Adminuser19")
+     }
+ }

> rundate = Sys.time()

> env = data.frame(rundate = rundate, variable = names(Sys.getenv()), 
+     value = as.character(Sys.getenv()))

> session = devtools::session_info()

> packages = data.frame(session$packages)

> packages$rundate = rundate

> platform = as.data.frame((unclass(session$platform)))

> platform$rundate = rundate

> md5 = as.data.frame(tools::md5sum(paste0("Data/", 
+     list.files("Data"))))

> md5$file = rownames(md5)

> rownames(md5) = NULL

> colnames(md5) = c("md5", "file")

> head(md5)
                               md5
1 8a8b30119c455a728f29ee81366d6999
2 f6bb4f12db75da0ca75bc397c2718137
3 5fbfb5a4854a2cfc8a95c3ada5379fd4
4 1e243968f8f851d1088543db5024d715
5 c5b0d82222044b81a6f722070cdb1a32
6 23f1192931dbe9a20ff3a7120f3c2099
                                                                                                    file
1                                   Data/broad.mit.edu_PANCAN_Genome_Wide_SNP_6_whitelisted.gene.xena.gz
2                                        Data/broad.mit.edu_PANCAN_Genome_Wide_SNP_6_whitelisted.xena.gz
3                                           Data/EB++AdjustPANCAN_IlluminaHiSeq_RNASeqV2.geneExp.xena.gz
4 Data/jhu-usc.edu_PANCAN_HumanMethylation450.betaValue_whitelisted.tsv.synapse_download_5096262.xena.gz
5                                                                   Data/lat.vars.iCluster.redo.tumor.gz
6                                                           Data/mc3.v0.2.8.PUBLIC.nonsilentGene.xena.gz

> datachecksums = cbind(rundate = rundate, md5)

> head(datachecksums)
              rundate                              md5
1 2022-05-27 03:49:23 8a8b30119c455a728f29ee81366d6999
2 2022-05-27 03:49:23 f6bb4f12db75da0ca75bc397c2718137
3 2022-05-27 03:49:23 5fbfb5a4854a2cfc8a95c3ada5379fd4
4 2022-05-27 03:49:23 1e243968f8f851d1088543db5024d715
5 2022-05-27 03:49:23 c5b0d82222044b81a6f722070cdb1a32
6 2022-05-27 03:49:23 23f1192931dbe9a20ff3a7120f3c2099
                                                                                                    file
1                                   Data/broad.mit.edu_PANCAN_Genome_Wide_SNP_6_whitelisted.gene.xena.gz
2                                        Data/broad.mit.edu_PANCAN_Genome_Wide_SNP_6_whitelisted.xena.gz
3                                           Data/EB++AdjustPANCAN_IlluminaHiSeq_RNASeqV2.geneExp.xena.gz
4 Data/jhu-usc.edu_PANCAN_HumanMethylation450.betaValue_whitelisted.tsv.synapse_download_5096262.xena.gz
5                                                                   Data/lat.vars.iCluster.redo.tumor.gz
6                                                           Data/mc3.v0.2.8.PUBLIC.nonsilentGene.xena.gz

> colnames(datachecksums)
[1] "rundate" "md5"     "file"   

> dbWriteTable(con, "env_checksums", datachecksums, 
+     row.names = FALSE, overwrite = TRUE)

> dbWriteTable(con, "env_env", env, row.names = FALSE, 
+     overwrite = TRUE)

> dbWriteTable(con, "env_packages", packages, , row.names = FALSE, 
+     overwrite = TRUE)

> dbWriteTable(con, "env_platform", platform, row.names = FALSE, 
+     overwrite = TRUE)
Warning messages:
1: In structure(.Call(C_Rmd5, files), names = files) :
  md5 failed on file 'Data/RABIT'
2: In structure(.Call(C_Rmd5, files), names = files) :
  md5 failed on file 'Data/TCGA.PANCAN.sampleMap'

> if (!mysql) {
+     if (sqlvacuum) {
+         system("/usr/local/bin/sqlite3 tcga.db \"VACUUM;\"")
+     }
+ } else {
+     if (optimize) {
+         dbExecute(con, "optimize table tcgai, tcgacati, probes, samples")
+     }
+ }
R version 4.1.2 (2021-11-01)
Platform: x86_64-pc-linux-gnu (64-bit)
Running under: Ubuntu 20.04.4 LTS

Matrix products: default
BLAS/LAPACK: /usr/lib/x86_64-linux-gnu/openblas-pthread/libopenblasp-r0.3.8.so

locale:
 [1] LC_CTYPE=en_US.UTF-8       LC_NUMERIC=C              
 [3] LC_TIME=en_US.UTF-8        LC_COLLATE=en_US.UTF-8    
 [5] LC_MONETARY=en_US.UTF-8    LC_MESSAGES=en_US.UTF-8   
 [7] LC_PAPER=en_US.UTF-8       LC_NAME=C                 
 [9] LC_ADDRESS=C               LC_TELEPHONE=C            
[11] LC_MEASUREMENT=en_US.UTF-8 LC_IDENTIFICATION=C       

attached base packages:
[1] stats     graphics  grDevices utils     datasets  methods   base     

other attached packages:
 [1] estimate_1.0.13     UCSCXenaTools_1.4.7 sqldf_0.4-11       
 [4] RSQLite_2.2.10      gsubfn_0.7          proto_1.0.0        
 [7] forcats_0.5.1       stringr_1.4.0       dplyr_1.0.8        
[10] purrr_0.3.4         readr_2.1.2         tidyr_1.2.0        
[13] tibble_3.1.6        ggplot2_3.3.5       tidyverse_1.3.1    
[16] DBI_1.1.2          

loaded via a namespace (and not attached):
 [1] httr_1.4.2        pkgload_1.2.4     bit64_4.0.5       vroom_1.5.7      
 [5] jsonlite_1.8.0    modelr_0.1.8      brio_1.1.3        assertthat_0.2.1 
 [9] blob_1.2.2        cellranger_1.1.0  remotes_2.4.2     sessioninfo_1.2.2
[13] pillar_1.7.0      backports_1.4.1   glue_1.6.2        chron_2.3-56     
[17] rvest_1.0.2       colorspace_2.0-3  pkgconfig_2.0.3   devtools_2.4.3   
[21] broom_0.7.12      haven_2.4.3       scales_1.1.1      processx_3.5.2   
[25] tzdb_0.2.0        generics_0.1.2    usethis_2.1.5     ellipsis_0.3.2   
[29] cachem_1.0.6      withr_2.5.0       cli_3.2.0         magrittr_2.0.2   
[33] crayon_1.5.0      readxl_1.3.1      memoise_2.0.1     ps_1.6.0         
[37] fs_1.5.2          fansi_1.0.2       xml2_1.3.3        pkgbuild_1.3.1   
[41] tools_4.1.2       prettyunits_1.1.1 hms_1.1.1         lifecycle_1.0.1  
[45] munsell_0.5.0     reprex_2.0.1      callr_3.7.0       compiler_4.1.2   
[49] rlang_1.0.2       grid_4.1.2        rstudioapi_0.13   tcltk_4.1.2      
[53] testthat_3.1.2    gtable_0.3.0      curl_4.3.2        R6_2.5.1         
[57] lubridate_1.8.0   fastmap_1.1.0     bit_4.0.4         utf8_1.2.2       
[61] rprojroot_2.0.2   desc_1.4.1        stringi_1.7.6     parallel_4.1.2   
[65] Rcpp_1.0.8        vctrs_0.3.8       dbplyr_2.1.1      tidyselect_1.1.2 
INFO:     Started server process [1931212]
INFO:     Waiting for application startup.
INFO:     Application startup complete.
INFO:     Uvicorn running on http://10.1.0.1:8011 (Press CTRL+C to quit)
INFO:     10.1.0.102:58884 - "GET /tcga.json?sql=SELECT%201%20AS%20ok HTTP/1.1" 200 OK
INFO:     10.1.0.102:58884 - "GET /tcga.json?sql=SELECT%20%2A%20FROM%20types HTTP/1.1" 200 OK
INFO:     10.1.0.102:58884 - "GET /tcga.json?sql=SELECT%20%2A%20FROM%20tcgas%20LIMIT%2010 HTTP/1.1" 200 OK
INFO:     10.1.0.102:58916 - "GET /tcga.json?sql=SELECT%20sample%2C%20value%20AS%20ds_val%20FROM%20tcgas%20WHERE%20probe%20%3D%20%27BRCA1.mut%27%20AND%20type%20%3D%20%27mut%27 HTTP/1.1" 200 OK
INFO:     10.1.0.102:59160 - "GET /tcga.json?sql=SELECT%201%20AS%20ok HTTP/1.1" 200 OK
INFO:     10.1.0.102:59160 - "GET /tcga.json?sql=SELECT%20%2A%20FROM%20types HTTP/1.1" 200 OK
INFO:     10.1.0.102:59160 - "GET /tcga.json?sql=SELECT%20%2A%20FROM%20tcgas%20LIMIT%2010 HTTP/1.1" 200 OK
INFO:     10.1.0.102:59183 - "GET /tcga.json?sql=SELECT%201%20AS%20ok HTTP/1.1" 200 OK
INFO:     10.1.0.102:59183 - "GET /tcga.json?sql=SELECT%20%2A%20FROM%20types HTTP/1.1" 200 OK
INFO:     10.1.0.102:59183 - "GET /tcga.json?sql=SELECT%20%2A%20FROM%20tcgas%20LIMIT%2010 HTTP/1.1" 200 OK
INFO:     10.1.0.102:59206 - "GET /tcga.json?sql=SELECT%20sample%2C%20value%20AS%20ds_val%20FROM%20tcgas%20WHERE%20probe%20%3D%20%27BRCA1.mut%27%20AND%20type%20%3D%20%27mut%27 HTTP/1.1" 200 OK
INFO:     10.1.0.102:59233 - "GET /tcga.json?sql=SELECT%20sample%2C%20value%20AS%20ds_val%20FROM%20tcgas%20WHERE%20probe%20%3D%20%27BRCA1.mut%27%20AND%20type%20%3D%20%27mut%27 HTTP/1.1" 200 OK
INFO:     10.1.0.102:59264 - "GET /tcga.json?sql=SELECT%20sample%2C%20value%20AS%20ds_val%20FROM%20tcgas%20WHERE%20probe%20%3D%20%27BRCA1.mut%27%20AND%20type%20%3D%20%27mut%27 HTTP/1.1" 200 OK
INFO:     10.1.0.102:59377 - "GET /tcga.json?sql=SELECT%20sample%2C%20value%20AS%20ds_val%20FROM%20tcgas%20WHERE%20probe%20%3D%20%27BRCA1%27%20AND%20type%20%3D%20%27rna%27 HTTP/1.1" 200 OK
INFO:     10.1.0.102:59497 - "GET /tcga.json?sql=SELECT%20sample%2C%20value%20FROM%20tcgas%20WHERE%20probe%20%3D%20%27BRCA1.mut%27%20AND%20type%20%3D%20%27mut%27%20LIMIT%2010 HTTP/1.1" 200 OK
INFO:     10.1.0.102:59504 - "GET /tcga.json?sql=SELECT%20sample%2C%20value%20FROM%20tcgas%20WHERE%20probe%20%3D%20%27BRCA1.mut%27%20AND%20type%20%3D%20%27mut%27%20AND%20sample%20IN%20%28%27TCGA-04-1331-01%27%2C%27TCGA-04-1347-01%27%2C%27TCGA-04-1349-01%27%2C%27TCGA-04-1367-01%27%2C%27TCGA-04-1371-01%27%2C%27TCGA-04-1514-01%27%2C%27TCGA-04-1542-01%27%2C%27TCGA-09-1666-01%27%2C%27TCGA-09-2045-01%27%2C%27TCGA-09-2050-01%27%2C%27TCGA-10-0934-01%27%2C%27TCGA-10-0937-01%27%2C%27TCGA-10-0938-01%27%2C%27TCGA-13-0723-01%27%2C%27TCGA-13-0725-01%27%2C%27TCGA-13-0727-01%27%2C%27TCGA-13-0751-01%27%2C%27TCGA-13-0791-01%27%2C%27TCGA-13-0791-02%27%2C%27TCGA-13-0890-01%27%2C%27TCGA-13-0906-01%27%2C%27TCGA-13-0912-01%27%2C%27TCGA-13-1411-01%27%2C%27TCGA-13-1477-01%27%2C%27TCGA-13-1487-01%27%2C%27TCGA-13-1491-01%27%2C%27TCGA-23-1110-01%27%2C%27TCGA-23-1118-01%27%2C%27TCGA-23-1124-01%27%2C%27TCGA-24-0980-01%27%2C%27TCGA-24-0982-01%27%2C%27TCGA-24-1103-01%27%2C%27TCGA-24-1419-01%27%2C%27TCGA-24-1466-01%27%2C%27TCGA-24-1544-01%27%2C%27TCGA-24-1548-01%27%2C%27TCGA-24-1552-01%27%2C%27TCGA-24-1557-01%27%2C%27TCGA-24-1558-01%27%2C%27TCGA-24-1562-01%27%2C%27TCGA-24-1614-01%27%2C%27TCGA-24-2024-01%27%2C%27TCGA-24-2290-01%27%2C%27TCGA-25-1319-01%27%2C%27TCGA-25-1632-01%27%2C%27TCGA-25-1634-01%27%2C%27TCGA-25-2391-01%27%2C%27TCGA-25-2400-01%27%2C%27TCGA-29-1704-01%27%2C%27TCGA-29-1704-02%27%2C%27TCGA-29-1705-01%27%2C%27TCGA-29-1705-02%27%2C%27TCGA-29-1707-01%27%2C%27TCGA-29-1707-02%27%2C%27TCGA-29-1710-01%27%2C%27TCGA-29-2414-01%27%2C%27TCGA-29-2414-02%27%2C%27TCGA-36-1570-01%27%2C%27TCGA-36-1571-01%27%2C%27TCGA-36-1574-01%27%2C%27TCGA-61-1916-01%27%2C%27TCGA-61-1916-02%27%2C%27TCGA-61-2000-01%27%2C%27TCGA-61-2095-01%27%29 HTTP/1.1" 200 OK
INFO:     Started server process [669018]
INFO:     Waiting for application startup.
INFO:     Application startup complete.
ERROR:    [Errno 98] error while attempting to bind on address ('10.1.0.1', 8011): address already in use
INFO:     Waiting for application shutdown.
INFO:     Application shutdown complete.
INFO:     Started server process [669896]
INFO:     Waiting for application startup.
INFO:     Application startup complete.
INFO:     Uvicorn running on http://10.1.0.1:8011 (Press CTRL+C to quit)
INFO:     10.1.0.102:53379 - "GET / HTTP/1.1" 200 OK
INFO:     10.1.0.102:53379 - "GET /-/static/app.css?d59929 HTTP/1.1" 200 OK
INFO:     10.1.0.102:53585 - "GET / HTTP/1.1" 200 OK
INFO:     10.1.0.102:53585 - "GET /-/static/app.css?d59929 HTTP/1.1" 200 OK
INFO:     Shutting down
INFO:     Waiting for application shutdown.
INFO:     Application shutdown complete.
INFO:     Finished server process [669896]
